id,teamId,firstName,lastName,marketValue,averagePoints,games,gamesPlayed,start11,totalPlaytimeS,totalPoints,status,position,playerImage,number,trend,pointsPerValue,pointsStdDev,history,startProbability,name,marketChangeToday,marketChange.today,marketChange.yesterday,marketChange.twoDays,marketChange.sevenDaysAvg,marketChange.thirtyDaysAvg,sofascore_average_rating,expected_match_points,ligainsider_starting_chance,kickbase_starting_chance,kicker_starting_chance,rotowire_starting_chance,questionable_injury_penalty,starting_chance,score_multiplier,score
237,2,Manuel,Neuer,14858009.0,121.0,2.0,2.0,2.0,11508.0,242.0,0,1,https://kickbase.b-cdn.net/content/file/bf993bb6d6914136b11177795c5f77a9.png,1.0,1,16.0,33.0,"[{""hasPlayed"": true, ""points"": 97}, {""hasPlayed"": true, ""points"": 145}]",2,Manuel Neuer,-6695.0,-6695.0,35815.0,67081.0,305026.0,2368762.0,7.06,2.555821753713465,0.6896551724137931,1.0,1.0,1.0,0.0,0.8758620689655172,10.0062,158.139427
2141,43,Ridle ,Baku,21146865.0,236.0,2.0,2.0,2.0,10421.0,471.0,0,2,https://kickbase.b-cdn.net/content/file/938a124759354a928af165b155e6925a.png,17.0,1,22.0,3.0,"[{""hasPlayed"": true, ""points"": 238}, {""hasPlayed"": true, ""points"": 233}]",2,Ridle  Baku,183198.0,183198.0,225427.0,231590.0,1493657.0,1608746.0,7.02,2.2116504854368935,1.0,1.0,1.0,1.0,0.0,1.0,10.0062,155.354124
14241,7,Facundo,Medina,10472103.0,128.0,2.0,2.0,1.0,6771.0,256.0,0,2,https://kickbase.b-cdn.net/content/file/a59d86f8dc644a43babfe89f615d199f.png,2.0,1,24.0,151.0,"[{""hasPlayed"": true, ""points"": 235}, {""hasPlayed"": true, ""points"": 21}]",2,Facundo Medina,245304.0,245304.0,356322.0,379620.0,1912344.0,10472103.0,7.35,1.8533627342888646,1.0,1.0,1.0,0.85,0.15,0.985,10.0062,134.262019
2199,9,Josha,Vagnoman,10561924.0,192.0,2.0,2.0,2.0,11468.0,383.0,0,2,https://kickbase.b-cdn.net/content/file/c0ddab007ad34b48b3efcfa3cb66ef4d.png,4.0,1,36.0,167.0,"[{""hasPlayed"": true, ""points"": 310}, {""hasPlayed"": true, ""points"": 73}]",2,Josha Vagnoman,229596.0,229596.0,259992.0,403123.0,2260302.0,5716327.0,7.32,1.339825007056167,1.0,1.0,1.0,1.0,0.0,1.0,10.0062,98.135997
15193,14,Mats,Rots,8370423.0,46.0,2.0,2.0,1.0,6457.0,91.0,0,2,https://kickbase.b-cdn.net/content/file/d96dc40ca1674b38aef03dff83ae8ab0.png,39.0,1,10.0,84.0,"[{""hasPlayed"": true, ""points"": 105}, {""hasPlayed"": true, ""points"": -14}]",2,Mats Rots,234764.0,234764.0,271901.0,270413.0,518230.0,-2128441.0,6.78,1.43465989274626,1.0,1.0,1.0,1.0,0.0,1.0,10.0062,97.330248
2358,28,Tom,Krauß,7949571.0,59.0,2.0,2.0,2.0,10881.0,118.0,0,3,https://kickbase.b-cdn.net/content/file/55c214adfaba4a839c1bb19ad5a5f8ed.png,5.0,2,14.0,21.0,"[{""hasPlayed"": true, ""points"": 44}, {""hasPlayed"": true, ""points"": 74}]",2,Tom Krauß,-169831.0,-169831.0,-195189.0,-205674.0,-1335315.0,409889.0,7.01,1.6381251153349328,1.0,1.0,1.0,1.0,0.0,1.0,10.0062,114.903767
12297,8,Satoshi,Tanaka,7025555.0,94.0,1.0,1.0,1.0,5741.0,94.0,0,3,https://kickbase.b-cdn.net/content/file/450d1dc6d03543289c75d4e5e117d7e1.png,13.0,1,13.0,66.0,"[{""hasPlayed"": true, ""points"": 94}, {""hasPlayed"": false, ""points"": null}]",2,Satoshi Tanaka,310453.0,310453.0,333858.0,350895.0,1991138.0,-848071.0,7.03,1.258606885508407,1.0,1.0,1.0,1.0,0.0,1.0,10.0062,88.534922
1920,3,Serhou,Guirassy,31162478.0,206.0,2.0,2.0,2.0,11247.0,412.0,0,4,https://kickbase.b-cdn.net/content/file/f60de765e2e34fce8747b78399dca305.png,9.0,1,13.0,36.0,"[{""hasPlayed"": true, ""points"": 232}, {""hasPlayed"": true, ""points"": 180}]",1,Serhou Guirassy,97113.0,97113.0,106484.0,106233.0,682756.0,2864731.0,7.93,2.4652756342984135,1.0,1.0,1.0,1.0,0.0,1.0,10.0062,195.617566
3304,5,Igor,Matanović,22245370.0,244.0,2.0,2.0,2.0,10204.0,487.0,0,4,https://kickbase.b-cdn.net/content/file/6bb42fe3c2da4e1e9f8ad8dc25f1cc85.png,31.0,1,21.0,67.0,"[{""hasPlayed"": true, ""points"": 196}, {""hasPlayed"": true, ""points"": 291}]",1,Igor Matanović,179718.0,179718.0,207827.0,223161.0,1415647.0,5076443.0,8.35,1.9419701146090236,1.0,1.0,1.0,1.0,0.0,1.0,10.0062,162.25504
2030,18,Phillip,Tietz,15871451.0,203.0,2.0,2.0,2.0,11355.0,406.0,0,4,https://kickbase.b-cdn.net/content/file/2acf94096d5443fcb6d70524c93fb74e.png,9.0,1,25.0,166.0,"[{""hasPlayed"": true, ""points"": 321}, {""hasPlayed"": true, ""points"": 85}]",1,Phillip Tietz,163210.0,163210.0,162557.0,147724.0,588490.0,4590336.0,8.36,1.7350901525658808,1.0,1.0,1.0,1.0,0.0,1.0,10.0062,145.14347
10106,40,Marin,Ljubičić,4643553.0,7.0,2.0,2.0,2.0,10999.0,14.0,0,4,https://kickbase.b-cdn.net/content/file/fcb660bdc74f41ef85fd3f45ac56962e.png,27.0,2,3.0,22.0,"[{""hasPlayed"": true, ""points"": -9}, {""hasPlayed"": true, ""points"": 23}]",2,Marin Ljubičić,8576.0,8576.0,-19100.0,-61934.0,-1063912.0,2035988.0,7.11,1.4627702161729386,1.0,1.0,1.0,1.0,0.0,1.0,10.0062,104.067444
