id,teamId,firstName,lastName,marketValue,averagePoints,games,gamesPlayed,start11,totalPlaytimeS,totalPoints,status,position,playerImage,number,trend,pointsPerValue,pointsStdDev,history,startProbability,name,marketChangeToday,marketChange.today,marketChange.yesterday,marketChange.twoDays,marketChange.sevenDaysAvg,marketChange.thirtyDaysAvg,sofascore_average_rating,expected_match_points,ligainsider_starting_chance,rotowire_starting_chance,questionable_injury_penalty,starting_chance,score
1873,3,Gregor,Kobel,22984417.0,104.0,34.0,34.0,34.0,202740.0,3530.0,0,1,https://kickbase.b-cdn.net/content/file/5cf1813a3f0f4cb6997088b18ad5adcf.png,1.0,2,153.0,,"[{""hasPlayed"": true, ""points"": 154}, {""hasPlayed"": true, ""points"": 81}, {""hasPlayed"": true, ""points"": 82}, {""hasPlayed"": true, ""points"": 160}, {""hasPlayed"": true, ""points"": 65}]",1,Gregor Kobel,-77598.0,-77598.0,-38116.0,-59705.0,-140161.0,1570043.0,7.3,2.3519386450788238,1.0,1.0,0.0,1.0,17.169152
10115,3,Daniel,Svensson,18330982.0,82.0,33.0,33.0,27.0,162894.0,2705.0,0,2,https://kickbase.b-cdn.net/content/file/9ff6af44ccf14bb3846cafc261f362ad.png,24.0,2,147.0,,"[{""hasPlayed"": true, ""points"": 151}, {""hasPlayed"": false, ""points"": null}, {""hasPlayed"": true, ""points"": -11}, {""hasPlayed"": true, ""points"": 27}, {""hasPlayed"": true, ""points"": 34}]",3,Daniel Svensson,-191162.0,-191162.0,-262896.0,-379228.0,-1661388.0,52862.0,6.78,2.3519386450788238,1.0,1.0,0.0,1.0,15.946144
3543,2,Nathaniel,Brown,28772607.0,83.0,33.0,33.0,29.0,176484.0,2726.0,0,2,https://kickbase.b-cdn.net/content/file/a6bbeb9411db465cb0b0b5dac3fd61a4.png,0.0,1,94.0,,"[{""hasPlayed"": true, ""points"": 70}, {""hasPlayed"": true, ""points"": 26}, {""hasPlayed"": true, ""points"": 38}, {""hasPlayed"": true, ""points"": 166}, {""hasPlayed"": true, ""points"": 31}]",3,Nathaniel Brown,72140.0,72140.0,81734.0,59489.0,457950.0,2081901.0,6.54,2.382104545335327,1.0,1.0,0.0,1.0,15.578964
2232,18,Philipp,Mwene,7557196.0,49.0,29.0,29.0,24.0,136771.0,1428.0,0,2,https://kickbase.b-cdn.net/content/file/275de3be8348462b85588eaa3c89e4b3.png,2.0,2,188.0,,"[{""hasPlayed"": true, ""points"": 181}, {""hasPlayed"": true, ""points"": 41}, {""hasPlayed"": true, ""points"": 233}, {""hasPlayed"": true, ""points"": 16}, {""hasPlayed"": true, ""points"": 57}]",2,Philipp Mwene,-208838.0,-208838.0,-293966.0,-266218.0,-473159.0,3085749.0,7.3,1.933080138962492,1.0,1.0,0.0,1.0,14.111485
2006,18,Stefan,Posch,9561639.0,90.0,16.0,16.0,16.0,93180.0,1446.0,0,2,https://kickbase.b-cdn.net/content/file/61c45113d8144342ae187dd599d3eff5.png,0.0,1,151.0,,"[{""hasPlayed"": true, ""points"": 97}, {""hasPlayed"": true, ""points"": 63}, {""hasPlayed"": true, ""points"": 121}, {""hasPlayed"": true, ""points"": 53}, {""hasPlayed"": true, ""points"": 154}]",2,Stefan Posch,372719.0,372719.0,350150.0,280200.0,1212866.0,1212866.0,6.86,1.933080138962492,1.0,1.0,0.0,1.0,13.26093
8329,2,Michael,Olise,64621231.0,225.0,32.0,32.0,23.0,154488.0,7185.0,0,3,https://kickbase.b-cdn.net/content/file/42c4a07d3d9a4dd0a7a4d68a1e5b5fee.png,17.0,1,111.0,,"[{""hasPlayed"": true, ""points"": 81}, {""hasPlayed"": true, ""points"": 334}, {""hasPlayed"": true, ""points"": 290}, {""hasPlayed"": true, ""points"": 166}, {""hasPlayed"": true, ""points"": 152}]",1,Michael Olise,33005.0,33005.0,34321.0,35915.0,239891.0,1079005.0,8.34,2.382104545335327,1.0,1.0,0.0,1.0,19.866752
11099,3,Jobe,Bellingham,19522528.0,68.0,32.0,32.0,20.0,119220.0,2172.0,0,3,https://kickbase.b-cdn.net/content/file/7b67f5aec4444746b2848e6d9a775210.png,7.0,1,111.0,,"[{""hasPlayed"": true, ""points"": 108}, {""hasPlayed"": true, ""points"": 80}, {""hasPlayed"": true, ""points"": 43}, {""hasPlayed"": true, ""points"": 124}, {""hasPlayed"": true, ""points"": 37}]",3,Jobe Bellingham,96555.0,96555.0,108490.0,111551.0,774587.0,2959726.0,6.76,2.3519386450788238,1.0,1.0,0.0,1.0,15.899105
4596,43,Brajan,Gruda,17763317.0,98.0,13.0,13.0,8.0,49007.0,1270.0,0,3,https://kickbase.b-cdn.net/content/file/f1dd66425b59403ab0f2796e4ad0b0f8.png,10.0,1,71.0,,"[{""hasPlayed"": true, ""points"": 28}, {""hasPlayed"": true, ""points"": 68}, {""hasPlayed"": true, ""points"": 89}, {""hasPlayed"": true, ""points"": 24}, {""hasPlayed"": true, ""points"": 48}]",1,Brajan Gruda,269114.0,269114.0,251568.0,252482.0,1735796.0,6559912.0,6.9,2.0684447930966856,1.0,1.0,0.0,1.0,14.272269
6176,43,Nicolas,Seiwald,16652180.0,86.0,33.0,33.0,31.0,174575.0,2839.0,0,3,https://kickbase.b-cdn.net/content/file/49894e11778042f09b92bdbd82994680.png,13.0,1,170.0,,"[{""hasPlayed"": true, ""points"": 44}, {""hasPlayed"": true, ""points"": 20}, {""hasPlayed"": true, ""points"": 60}, {""hasPlayed"": false, ""points"": null}, {""hasPlayed"": true, ""points"": 115}]",1,Nicolas Seiwald,179063.0,179063.0,180701.0,163132.0,1205676.0,4436659.0,6.75,2.0684447930966856,1.0,1.0,0.0,1.0,13.962002
2746,7,Patrik,Schick,29279552.0,103.0,28.0,28.0,23.0,130835.0,2889.0,0,4,https://kickbase.b-cdn.net/content/file/9f0daa3f23514ac7a72c46ba81396a95.png,14.0,1,98.0,,"[{""hasPlayed"": true, ""points"": 42}, {""hasPlayed"": true, ""points"": 23}, {""hasPlayed"": true, ""points"": 367}, {""hasPlayed"": true, ""points"": 227}, {""hasPlayed"": true, ""points"": 161}]",3,Patrik Schick,32242.0,32242.0,31086.0,34557.0,253259.0,1373023.0,7.52,2.040910253132191,1.0,1.0,0.0,1.0,15.347645
2030,18,Phillip,Tietz,12376098.0,56.0,29.0,29.0,19.0,120672.0,1612.0,0,4,https://kickbase.b-cdn.net/content/file/2acf94096d5443fcb6d70524c93fb74e.png,20.0,1,130.0,,"[{""hasPlayed"": true, ""points"": 240}, {""hasPlayed"": true, ""points"": 30}, {""hasPlayed"": true, ""points"": 198}, {""hasPlayed"": true, ""points"": 35}, {""hasPlayed"": true, ""points"": 49}]",1,Phillip Tietz,187054.0,187054.0,183520.0,186683.0,1277491.0,5490199.0,6.88,1.933080138962492,1.0,1.0,0.0,1.0,13.299591
