id,teamId,firstName,lastName,marketValue,averagePoints,games,gamesPlayed,start11,totalPlaytimeS,totalPoints,status,position,playerImage,number,trend,pointsPerValue,pointsStdDev,history,startProbability,name,marketChangeToday,marketChange.today,marketChange.yesterday,marketChange.twoDays,marketChange.sevenDaysAvg,marketChange.thirtyDaysAvg,kickbase_percentile_rating,expected_match_points,ligainsider_starting_chance,kickbase_starting_chance,kicker_starting_chance,rotowire_starting_chance,questionable_injury_penalty,starting_chance,score_multiplier,score
620,18,Alexander,Schwolow,4665832.0,127.0,2.0,2.0,2.0,11879.0,253.0,0,1,https://kickbase.b-cdn.net/content/file/8c632c3299954c0f8703f77102907955.png,1.0,1,54.0,75.0,"[{""hasPlayed"": true, ""points"": 102}, {""hasPlayed"": false, ""points"": null}, {""hasPlayed"": true, ""points"": 151}, {""hasPlayed"": false, ""points"": null}]",2,Alexander Schwolow,76704.0,76704.0,-326.0,-51215.0,-947762.0,1854840.0,7.8,1.334036029129935,0.0,0.0,1.0,1.0,0.0,1.0,10.0062,104.119324
2366,2,Alphonso,Davies,20023167.0,191.0,4.0,4.0,3.0,17085.0,763.0,0,2,https://kickbase.b-cdn.net/content/file/1321be6fb58f47b592a91f17f6b2bf68.png,19.0,1,38.0,97.0,"[{""hasPlayed"": true, ""points"": 320}, {""hasPlayed"": true, ""points"": 89}, {""hasPlayed"": true, ""points"": 201}, {""hasPlayed"": true, ""points"": 153}]",3,Alphonso Davies,148569.0,148569.0,171453.0,184782.0,1220910.0,5653383.0,9.1,2.528384991843393,0.0,0.0,1.0,1.0,0.0,1.0,10.0062,230.225686
1664,9,Maximilian,Mittelstädt,28340531.0,168.0,4.0,4.0,4.0,22206.0,673.0,0,2,https://kickbase.b-cdn.net/content/file/eb576d01f97f40aa86c36b009d8502ec.png,7.0,1,23.0,67.0,"[{""hasPlayed"": true, ""points"": 155}, {""hasPlayed"": true, ""points"": 226}, {""hasPlayed"": true, ""points"": 213}, {""hasPlayed"": true, ""points"": 79}]",1,Maximilian Mittelstädt,55837.0,55837.0,54829.0,53610.0,384308.0,1497933.0,8.4,2.034957897422812,0.0,0.0,1.0,1.0,0.0,1.0,10.0062,171.042444
7224,43,Lukeba,Castello Jr.,13077896.0,140.0,2.0,2.0,2.0,10347.0,279.0,2,2,https://kickbase.b-cdn.net/content/file/52117c9891144d3998de1b87b91ca123.png,23.0,1,21.0,94.0,"[{""hasPlayed"": false, ""points"": null}, {""hasPlayed"": true, ""points"": 80}, {""hasPlayed"": false, ""points"": null}, {""hasPlayed"": true, ""points"": 199}]",3,Lukeba Castello Jr.,88429.0,88429.0,91203.0,83276.0,219828.0,-7819225.0,7.9,2.0270477162541463,0.0,0.0,1.0,0.85,0.15,0.9500000000000001,10.0062,152.224252
14241,7,Facundo,Medina,14366514.0,110.0,4.0,4.0,3.0,17796.0,441.0,0,2,https://kickbase.b-cdn.net/content/file/a59d86f8dc644a43babfe89f615d199f.png,2.0,1,30.0,93.0,"[{""hasPlayed"": true, ""points"": 123}, {""hasPlayed"": true, ""points"": 62}, {""hasPlayed"": true, ""points"": 235}, {""hasPlayed"": true, ""points"": 21}]",1,Facundo Medina,66379.0,66379.0,62269.0,47808.0,330403.0,4875657.0,7.9,1.5743579915676504,0.0,0.0,1.0,1.0,0.0,1.0,10.0062,124.451393
3284,77,Maximilian,Rohr,12574222.0,116.0,4.0,4.0,4.0,22372.0,462.0,0,2,https://kickbase.b-cdn.net/content/file/42996bfe19eb43e8ab7a10cabb206982.png,31.0,1,36.0,26.0,"[{""hasPlayed"": true, ""points"": 151}, {""hasPlayed"": true, ""points"": 109}, {""hasPlayed"": true, ""points"": 115}, {""hasPlayed"": true, ""points"": 87}]",1,Maximilian Rohr,97839.0,97839.0,114018.0,122522.0,815241.0,2258577.0,7.3,1.3197651663405086,0.0,0.0,1.0,1.0,0.0,1.0,10.0062,96.40259
4335,5,Derry,Scherhant,16104948.0,158.0,4.0,4.0,4.0,18612.0,632.0,0,3,https://kickbase.b-cdn.net/content/file/bef26d4942154c3483dbb80207a36d4d.png,7.0,1,39.0,54.0,"[{""hasPlayed"": true, ""points"": 238}, {""hasPlayed"": true, ""points"": 128}, {""hasPlayed"": true, ""points"": 122}, {""hasPlayed"": true, ""points"": 144}]",2,Derry Scherhant,207687.0,207687.0,203287.0,196208.0,1259236.0,5531034.0,8.4,1.9802807486631018,0.0,0.0,1.0,1.0,0.0,1.0,10.0062,166.446716
2718,28,Ellyes,Skhiri,11101141.0,82.0,4.0,4.0,2.0,16274.0,326.0,0,3,https://kickbase.b-cdn.net/content/file/1274d4acfc8845a789f74d858afe1168.png,6.0,1,29.0,67.0,"[{""hasPlayed"": true, ""points"": 118}, {""hasPlayed"": true, ""points"": 156}, {""hasPlayed"": true, ""points"": 6}, {""hasPlayed"": true, ""points"": 46}]",1,Ellyes Skhiri,13057.0,13057.0,11221.0,13327.0,200139.0,3557609.0,7.3,1.675359328305109,0.0,0.0,1.0,1.0,0.0,1.0,10.0062,122.377058
2302,40,Woo-Yeong,Jeong,1978530.0,30.0,4.0,4.0,2.0,13191.0,121.0,0,3,https://kickbase.b-cdn.net/content/file/167f780b883445c1bb79e00354f1e807.png,11.0,2,61.0,41.0,"[{""hasPlayed"": true, ""points"": -16}, {""hasPlayed"": true, ""points"": 69}, {""hasPlayed"": true, ""points"": 7}, {""hasPlayed"": true, ""points"": 61}]",3,Woo-Yeong Jeong,43465.0,43465.0,-7436.0,-46772.0,-377758.0,-2700849.0,5.1,1.4313111545988255,0.0,0.0,1.0,1.0,0.0,1.0,10.0062,73.042127
9698,3,,Fábio Silva,13966074.0,100.0,3.0,3.0,1.0,7244.0,301.0,0,4,https://kickbase.b-cdn.net/content/file/2aaeda6f5123438e95f1958a10ce0058.png,21.0,1,21.0,75.0,"[{""hasPlayed"": true, ""points"": 23}, {""hasPlayed"": true, ""points"": 154}, {""hasPlayed"": true, ""points"": 124}, {""hasPlayed"": false, ""points"": null}]",3,Fábio Silva,27543.0,27543.0,16192.0,12802.0,155929.0,5639983.0,8.7,2.3139883250455573,0.0,0.0,1.0,1.0,0.0,1.0,10.0062,201.441801
11959,14,Adam,Daghim,16074176.0,156.0,4.0,4.0,4.0,22115.0,622.0,0,4,https://kickbase.b-cdn.net/content/file/1919dcbd4fb6447aad155fb3c72f3e38.png,14.0,1,38.0,31.0,"[{""hasPlayed"": true, ""points"": 120}, {""hasPlayed"": true, ""points"": 194}, {""hasPlayed"": true, ""points"": 145}, {""hasPlayed"": true, ""points"": 163}]",1,Adam Daghim,132785.0,132785.0,115494.0,103711.0,762179.0,5569271.0,7.3,2.2116504854368935,0.0,0.0,1.0,1.0,0.0,1.0,10.0062,161.550585
