id,teamId,firstName,lastName,marketValue,averagePoints,games,gamesPlayed,start11,totalPlaytimeS,totalPoints,status,position,playerImage,number,trend,pointsPerValue,pointsStdDev,history,name,marketChangeToday
8329,2,Michael,Olise,64381340.0,225.0,32.0,32.0,23.0,154488.0,7185.0,0,3,https://kickbase.b-cdn.net/pool/playersbig/8329.png,17.0,1,111.0,,"[{""hasPlayed"": true, ""points"": 81}, {""hasPlayed"": true, ""points"": 334}, {""hasPlayed"": true, ""points"": 290}, {""hasPlayed"": true, ""points"": 166}, {""hasPlayed"": true, ""points"": 152}]",Michael Olise,37785.0
7226,2,Harry,Kane,68483403.0,216.0,31.0,31.0,25.0,158399.0,6703.0,0,4,https://kickbase.b-cdn.net/pool/playersbig/7226.png,9.0,1,97.0,,"[{""hasPlayed"": true, ""points"": 415}, {""hasPlayed"": true, ""points"": 53}, {""hasPlayed"": true, ""points"": 45}, {""hasPlayed"": true, ""points"": 150}, {""hasPlayed"": true, ""points"": 163}]",Harry Kane,35687.0
1685,2,Joshua,Kimmich,59503193.0,186.0,29.0,29.0,24.0,151968.0,5391.0,0,3,https://kickbase.b-cdn.net/pool/playersbig/1685.png,6.0,1,90.0,,"[{""hasPlayed"": true, ""points"": 317}, {""hasPlayed"": true, ""points"": 238}, {""hasPlayed"": true, ""points"": 83}, {""hasPlayed"": false, ""points"": null}, {""hasPlayed"": true, ""points"": 215}]",Joshua Kimmich,31936.0
11675,2,Luis,Díaz,53086383.0,178.0,32.0,32.0,27.0,163321.0,5698.0,0,4,https://kickbase.b-cdn.net/pool/playersbig/11675.png,14.0,1,107.0,,"[{""hasPlayed"": true, ""points"": 205}, {""hasPlayed"": true, ""points"": 50}, {""hasPlayed"": true, ""points"": 54}, {""hasPlayed"": true, ""points"": 30}, {""hasPlayed"": true, ""points"": 225}]",Luis Díaz,38251.0
2522,43,David,Raum,32837493.0,148.0,30.0,30.0,29.0,167920.0,4445.0,0,2,https://kickbase.b-cdn.net/pool/playersbig/2522.png,22.0,1,135.0,,"[{""hasPlayed"": false, ""points"": null}, {""hasPlayed"": true, ""points"": 152}, {""hasPlayed"": false, ""points"": null}, {""hasPlayed"": false, ""points"": null}, {""hasPlayed"": true, ""points"": 28}]",David Raum,107504.0
2383,3,Nico,Schlotterbeck,33650065.0,148.0,28.0,28.0,28.0,166561.0,4142.0,1,2,https://kickbase.b-cdn.net/pool/playersbig/2383.png,4.0,2,123.0,,"[{""hasPlayed"": true, ""points"": 142}, {""hasPlayed"": true, ""points"": 250}, {""hasPlayed"": true, ""points"": 72}, {""hasPlayed"": true, ""points"": 146}, {""hasPlayed"": true, ""points"": 67}]",Nico Schlotterbeck,-655674.0
4199,7,Aleix,García,37428950.0,142.0,33.0,33.0,31.0,175200.0,4684.0,0,3,https://kickbase.b-cdn.net/pool/playersbig/4199.png,24.0,1,125.0,,"[{""hasPlayed"": true, ""points"": 229}, {""hasPlayed"": true, ""points"": 121}, {""hasPlayed"": true, ""points"": 214}, {""hasPlayed"": true, ""points"": 93}, {""hasPlayed"": true, ""points"": 181}]",Aleix García,114427.0
1961,2,Serge,Gnabry,18897384.0,142.0,21.0,21.0,16.0,80707.0,2980.0,2,3,https://kickbase.b-cdn.net/pool/playersbig/1961.png,7.0,1,157.0,,"[{""hasPlayed"": false, ""points"": null}, {""hasPlayed"": false, ""points"": null}, {""hasPlayed"": false, ""points"": null}, {""hasPlayed"": false, ""points"": null}, {""hasPlayed"": false, ""points"": null}]",Serge Gnabry,24229.0
7158,9,Deniz,Undav,43547404.0,138.0,29.0,29.0,25.0,146045.0,4006.0,0,4,https://kickbase.b-cdn.net/pool/playersbig/7158.png,26.0,1,91.0,,"[{""hasPlayed"": true, ""points"": 131}, {""hasPlayed"": true, ""points"": 215}, {""hasPlayed"": true, ""points"": 62}, {""hasPlayed"": true, ""points"": 74}, {""hasPlayed"": false, ""points"": null}]",Deniz Undav,75973.0
2783,7,Edmond,Tapsoba,31829100.0,136.0,29.0,29.0,29.0,171644.0,3941.0,0,2,https://kickbase.b-cdn.net/pool/playersbig/2783.png,12.0,1,123.0,,"[{""hasPlayed"": true, ""points"": 111}, {""hasPlayed"": true, ""points"": 6}, {""hasPlayed"": true, ""points"": 135}, {""hasPlayed"": true, ""points"": 93}, {""hasPlayed"": true, ""points"": 194}]",Edmond Tapsoba,76634.0
2038,2,Konrad,Laimer,34048270.0,136.0,29.0,29.0,22.0,131747.0,3943.0,0,2,https://kickbase.b-cdn.net/pool/playersbig/2038.png,27.0,1,115.0,,"[{""hasPlayed"": true, ""points"": 69}, {""hasPlayed"": true, ""points"": 135}, {""hasPlayed"": true, ""points"": 95}, {""hasPlayed"": true, ""points"": 241}, {""hasPlayed"": true, ""points"": 39}]",Konrad Laimer,45121.0
1639,18,Nadiem,Amiri,32223555.0,134.0,26.0,26.0,24.0,136794.0,3493.0,0,3,https://kickbase.b-cdn.net/pool/playersbig/1639.png,10.0,1,108.0,,"[{""hasPlayed"": true, ""points"": 254}, {""hasPlayed"": true, ""points"": 98}, {""hasPlayed"": true, ""points"": 168}, {""hasPlayed"": true, ""points"": 93}, {""hasPlayed"": true, ""points"": 229}]",Nadiem Amiri,108443.0
1246,43,Willi,Orban,30642088.0,131.0,33.0,33.0,33.0,193712.0,4323.0,0,2,https://kickbase.b-cdn.net/pool/playersbig/1246.png,4.0,1,141.0,,"[{""hasPlayed"": true, ""points"": 110}, {""hasPlayed"": true, ""points"": 313}, {""hasPlayed"": true, ""points"": 82}, {""hasPlayed"": true, ""points"": 131}, {""hasPlayed"": false, ""points"": null}]",Willi Orban,76630.0
2300,2,Josip,Stanišić,27509885.0,128.0,26.0,26.0,19.0,124437.0,3330.0,0,2,https://kickbase.b-cdn.net/pool/playersbig/2300.png,44.0,2,121.0,,"[{""hasPlayed"": true, ""points"": 70}, {""hasPlayed"": true, ""points"": 172}, {""hasPlayed"": true, ""points"": 46}, {""hasPlayed"": true, ""points"": 72}, {""hasPlayed"": true, ""points"": 105}]",Josip Stanišić,-574059.0
2736,3,Ramy,Bensebaini,19442970.0,128.0,21.0,21.0,15.0,102687.0,2683.0,0,2,https://kickbase.b-cdn.net/pool/playersbig/2736.png,5.0,1,137.0,,"[{""hasPlayed"": false, ""points"": null}, {""hasPlayed"": false, ""points"": null}, {""hasPlayed"": false, ""points"": null}, {""hasPlayed"": true, ""points"": 364}, {""hasPlayed"": true, ""points"": 106}]",Ramy Bensebaini,174547.0
173,2,Jonathan,Tah,36494720.0,127.0,28.0,28.0,23.0,135209.0,3559.0,0,2,https://kickbase.b-cdn.net/pool/playersbig/173.png,4.0,1,97.0,,"[{""hasPlayed"": true, ""points"": 146}, {""hasPlayed"": true, ""points"": 53}, {""hasPlayed"": true, ""points"": 84}, {""hasPlayed"": true, ""points"": 59}, {""hasPlayed"": false, ""points"": null}]",Jonathan Tah,75071.0
1704,3,Waldemar,Anton,33375505.0,126.0,32.0,32.0,32.0,190794.0,4034.0,0,2,https://kickbase.b-cdn.net/pool/playersbig/1704.png,3.0,1,120.0,,"[{""hasPlayed"": true, ""points"": 156}, {""hasPlayed"": true, ""points"": 123}, {""hasPlayed"": true, ""points"": 40}, {""hasPlayed"": true, ""points"": 153}, {""hasPlayed"": true, ""points"": 133}]",Waldemar Anton,76802.0
6668,2,Kim,Minjae,11515757.0,124.0,25.0,25.0,19.0,106765.0,3112.0,0,2,https://kickbase.b-cdn.net/pool/playersbig/6668.png,3.0,1,270.0,,"[{""hasPlayed"": false, ""points"": null}, {""hasPlayed"": true, ""points"": 173}, {""hasPlayed"": true, ""points"": 166}, {""hasPlayed"": true, ""points"": 148}, {""hasPlayed"": true, ""points"": 125}]",Kim Minjae,-23572.0
1664,9,Maximilian,Mittelstädt,28873717.0,123.0,32.0,32.0,24.0,142785.0,3927.0,0,2,https://kickbase.b-cdn.net/pool/playersbig/1664.png,7.0,1,136.0,,"[{""hasPlayed"": true, ""points"": 66}, {""hasPlayed"": true, ""points"": 206}, {""hasPlayed"": true, ""points"": 43}, {""hasPlayed"": true, ""points"": 95}, {""hasPlayed"": true, ""points"": 28}]",Maximilian Mittelstädt,49376.0
2694,9,Angelo,Stiller,36606964.0,119.0,34.0,34.0,30.0,180374.0,4054.0,0,3,https://kickbase.b-cdn.net/pool/playersbig/2694.png,6.0,1,110.0,,"[{""hasPlayed"": true, ""points"": 108}, {""hasPlayed"": true, ""points"": 141}, {""hasPlayed"": true, ""points"": 87}, {""hasPlayed"": true, ""points"": 112}, {""hasPlayed"": true, ""points"": 33}]",Angelo Stiller,62464.0
6080,2,Aleksandar,Pavlović,31243583.0,119.0,24.0,24.0,16.0,98316.0,2844.0,0,3,https://kickbase.b-cdn.net/pool/playersbig/6080.png,45.0,1,91.0,,"[{""hasPlayed"": false, ""points"": null}, {""hasPlayed"": false, ""points"": null}, {""hasPlayed"": true, ""points"": 43}, {""hasPlayed"": true, ""points"": 68}, {""hasPlayed"": false, ""points"": null}]",Aleksandar Pavlović,97580.0
1991,2,Dayotchanculle,Upamecano,33266432.0,119.0,24.0,24.0,21.0,119193.0,2858.0,0,2,https://kickbase.b-cdn.net/pool/playersbig/1991.png,2.0,1,85.0,,"[{""hasPlayed"": true, ""points"": 152}, {""hasPlayed"": true, ""points"": 71}, {""hasPlayed"": false, ""points"": null}, {""hasPlayed"": false, ""points"": null}, {""hasPlayed"": false, ""points"": null}]",Dayotchanculle Upamecano,81497.0
3120,2,Tom,Bischof,21252579.0,118.0,26.0,26.0,14.0,88493.0,3077.0,0,3,https://kickbase.b-cdn.net/pool/playersbig/3120.png,8.0,1,144.0,,"[{""hasPlayed"": true, ""points"": 268}, {""hasPlayed"": true, ""points"": 228}, {""hasPlayed"": false, ""points"": null}, {""hasPlayed"": false, ""points"": null}, {""hasPlayed"": false, ""points"": null}]",Tom Bischof,121093.0
2275,43,Christoph,Baumgartner,19758023.0,117.0,33.0,33.0,32.0,179653.0,3846.0,4,3,https://kickbase.b-cdn.net/pool/playersbig/2275.png,14.0,1,194.0,,"[{""hasPlayed"": true, ""points"": 8}, {""hasPlayed"": true, ""points"": 114}, {""hasPlayed"": true, ""points"": 129}, {""hasPlayed"": true, ""points"": 47}, {""hasPlayed"": true, ""points"": 130}]",Christoph Baumgartner,123258.0
7745,14,Vladimír,Coufal,24827989.0,115.0,34.0,34.0,34.0,198844.0,3918.0,0,2,https://kickbase.b-cdn.net/pool/playersbig/7745.png,34.0,1,157.0,,"[{""hasPlayed"": true, ""points"": 52}, {""hasPlayed"": true, ""points"": 235}, {""hasPlayed"": true, ""points"": 76}, {""hasPlayed"": true, ""points"": 152}, {""hasPlayed"": true, ""points"": 112}]",Vladimír Coufal,152277.0
49,5,Matthias,Ginter,26220584.0,114.0,32.0,32.0,32.0,188048.0,3663.0,0,2,https://kickbase.b-cdn.net/pool/playersbig/49.png,28.0,1,139.0,,"[{""hasPlayed"": true, ""points"": 243}, {""hasPlayed"": true, ""points"": 39}, {""hasPlayed"": true, ""points"": 72}, {""hasPlayed"": false, ""points"": null}, {""hasPlayed"": true, ""points"": 146}]",Matthias Ginter,53023.0
11631,14,Wouter,Burger,21841128.0,114.0,30.0,30.0,30.0,159518.0,3425.0,0,3,https://kickbase.b-cdn.net/pool/playersbig/11631.png,18.0,1,156.0,,"[{""hasPlayed"": true, ""points"": 65}, {""hasPlayed"": true, ""points"": 206}, {""hasPlayed"": true, ""points"": 105}, {""hasPlayed"": true, ""points"": 72}, {""hasPlayed"": true, ""points"": 85}]",Wouter Burger,169316.0
3072,2,Jonas,Urbig,11805755.0,114.0,14.0,14.0,11.0,73976.0,1591.0,0,1,https://kickbase.b-cdn.net/pool/playersbig/3072.png,40.0,2,134.0,,"[{""hasPlayed"": true, ""points"": 41}, {""hasPlayed"": true, ""points"": 187}, {""hasPlayed"": true, ""points"": 80}, {""hasPlayed"": true, ""points"": 204}, {""hasPlayed"": true, ""points"": 150}]",Jonas Urbig,-434358.0
54,3,Emre,Can,2272069.0,114.0,9.0,9.0,7.0,41373.0,1026.0,1,2,https://kickbase.b-cdn.net/pool/playersbig/54.png,23.0,2,451.0,,"[{""hasPlayed"": false, ""points"": null}, {""hasPlayed"": false, ""points"": null}, {""hasPlayed"": false, ""points"": null}, {""hasPlayed"": false, ""points"": null}, {""hasPlayed"": false, ""points"": null}]",Emre Can,-116158.0
3190,9,Jeff,Chabot,25653428.0,113.0,27.0,27.0,26.0,150716.0,3061.0,0,2,https://kickbase.b-cdn.net/pool/playersbig/3190.png,24.0,1,119.0,,"[{""hasPlayed"": true, ""points"": 82}, {""hasPlayed"": true, ""points"": 130}, {""hasPlayed"": true, ""points"": 59}, {""hasPlayed"": false, ""points"": null}, {""hasPlayed"": true, ""points"": 86}]",Jeff Chabot,60205.0
1815,14,Andrej,Kramarić,23347024.0,111.0,34.0,34.0,26.0,143136.0,3757.0,4,3,https://kickbase.b-cdn.net/pool/playersbig/1815.png,27.0,2,160.0,,"[{""hasPlayed"": true, ""points"": 4}, {""hasPlayed"": true, ""points"": 180}, {""hasPlayed"": true, ""points"": 245}, {""hasPlayed"": true, ""points"": 62}, {""hasPlayed"": true, ""points"": 239}]",Andrej Kramarić,-434143.0
1883,15,Moritz,Nicolas,18511013.0,111.0,34.0,34.0,34.0,200791.0,3766.0,0,1,https://kickbase.b-cdn.net/pool/playersbig/1883.png,1.0,1,203.0,,"[{""hasPlayed"": true, ""points"": 135}, {""hasPlayed"": true, ""points"": 151}, {""hasPlayed"": true, ""points"": 111}, {""hasPlayed"": true, ""points"": 166}, {""hasPlayed"": true, ""points"": 81}]",Moritz Nicolas,107498.0
577,15,Daniel,Batz,3927055.0,111.0,21.0,21.0,21.0,125022.0,2331.0,0,1,https://kickbase.b-cdn.net/pool/playersbig/577.png,33.0,2,593.0,,"[{""hasPlayed"": true, ""points"": 282}, {""hasPlayed"": false, ""points"": null}, {""hasPlayed"": true, ""points"": 45}, {""hasPlayed"": true, ""points"": 37}, {""hasPlayed"": true, ""points"": 95}]",Daniel Batz,-118924.0
4,7,Janis,Blaswich,2002003.0,111.0,11.0,11.0,10.0,62668.0,1222.0,0,1,https://kickbase.b-cdn.net/pool/playersbig/4.png,28.0,2,610.0,,"[{""hasPlayed"": false, ""points"": null}, {""hasPlayed"": false, ""points"": null}, {""hasPlayed"": false, ""points"": null}, {""hasPlayed"": true, ""points"": 177}, {""hasPlayed"": false, ""points"": null}]",Janis Blaswich,-119376.0
11955,9,Bilal,El Khannouss,25506073.0,109.0,25.0,25.0,19.0,106302.0,2713.0,0,3,https://kickbase.b-cdn.net/pool/playersbig/11955.png,11.0,1,106.0,,"[{""hasPlayed"": false, ""points"": null}, {""hasPlayed"": true, ""points"": 21}, {""hasPlayed"": true, ""points"": 37}, {""hasPlayed"": true, ""points"": 178}, {""hasPlayed"": true, ""points"": 149}]",Bilal El Khannouss,29851.0
8227,43,Maarten,Vandevoordt,14427579.0,109.0,12.0,12.0,11.0,69295.0,1313.0,0,1,https://kickbase.b-cdn.net/pool/playersbig/8227.png,26.0,1,91.0,,"[{""hasPlayed"": false, ""points"": null}, {""hasPlayed"": true, ""points"": 77}, {""hasPlayed"": true, ""points"": 87}, {""hasPlayed"": true, ""points"": 96}, {""hasPlayed"": true, ""points"": 135}]",Maarten Vandevoordt,166455.0
2144,4,Robin,Koch,22682813.0,107.0,32.0,32.0,32.0,188534.0,3419.0,0,2,https://kickbase.b-cdn.net/pool/playersbig/2144.png,4.0,1,150.0,,"[{""hasPlayed"": true, ""points"": 94}, {""hasPlayed"": true, ""points"": 42}, {""hasPlayed"": true, ""points"": 81}, {""hasPlayed"": true, ""points"": 108}, {""hasPlayed"": true, ""points"": 89}]",Robin Koch,156219.0
1686,15,Nico,Elvedi,18722451.0,106.0,33.0,33.0,33.0,194378.0,3508.0,0,2,https://kickbase.b-cdn.net/pool/playersbig/1686.png,30.0,1,187.0,,"[{""hasPlayed"": true, ""points"": 298}, {""hasPlayed"": false, ""points"": null}, {""hasPlayed"": true, ""points"": 77}, {""hasPlayed"": true, ""points"": 130}, {""hasPlayed"": true, ""points"": 133}]",Nico Elvedi,160150.0
10789,2,Lennart,Karl,26169270.0,106.0,26.0,26.0,16.0,84581.0,2765.0,2,3,https://kickbase.b-cdn.net/pool/playersbig/10789.png,42.0,1,105.0,,"[{""hasPlayed"": true, ""points"": 194}, {""hasPlayed"": true, ""points"": 57}, {""hasPlayed"": false, ""points"": null}, {""hasPlayed"": false, ""points"": null}, {""hasPlayed"": false, ""points"": null}]",Lennart Karl,1124.0
7224,43,Lukeba,Castello Jr.,20797012.0,106.0,26.0,26.0,24.0,142996.0,2765.0,0,2,https://kickbase.b-cdn.net/pool/playersbig/7224.png,23.0,1,132.0,,"[{""hasPlayed"": true, ""points"": 66}, {""hasPlayed"": true, ""points"": 116}, {""hasPlayed"": true, ""points"": 28}, {""hasPlayed"": false, ""points"": null}, {""hasPlayed"": false, ""points"": null}]",Lukeba Castello Jr.,26628.0
6081,4,Can,Uzun,26965494.0,106.0,21.0,21.0,15.0,76576.0,2232.0,0,3,https://kickbase.b-cdn.net/pool/playersbig/6081.png,42.0,1,82.0,,"[{""hasPlayed"": true, ""points"": 31}, {""hasPlayed"": true, ""points"": 143}, {""hasPlayed"": true, ""points"": 218}, {""hasPlayed"": true, ""points"": 220}, {""hasPlayed"": true, ""points"": 9}]",Can Uzun,81854.0
2395,3,Julian,Ryerson,25596287.0,105.0,31.0,31.0,26.0,148097.0,3246.0,2,2,https://kickbase.b-cdn.net/pool/playersbig/2395.png,26.0,1,126.0,,"[{""hasPlayed"": true, ""points"": 141}, {""hasPlayed"": true, ""points"": 127}, {""hasPlayed"": true, ""points"": 41}, {""hasPlayed"": true, ""points"": 171}, {""hasPlayed"": true, ""points"": 3}]",Julian Ryerson,41396.0
2373,14,Ozan,Kabak,20174780.0,105.0,25.0,25.0,18.0,117698.0,2629.0,0,2,https://kickbase.b-cdn.net/pool/playersbig/2373.png,5.0,1,130.0,,"[{""hasPlayed"": true, ""points"": 29}, {""hasPlayed"": true, ""points"": 198}, {""hasPlayed"": true, ""points"": 34}, {""hasPlayed"": true, ""points"": 100}, {""hasPlayed"": true, ""points"": 150}]",Ozan Kabak,180613.0
1873,3,Gregor,Kobel,23124578.0,104.0,34.0,34.0,34.0,202740.0,3530.0,0,1,https://kickbase.b-cdn.net/pool/playersbig/1873.png,1.0,1,152.0,,"[{""hasPlayed"": true, ""points"": 154}, {""hasPlayed"": true, ""points"": 81}, {""hasPlayed"": true, ""points"": 82}, {""hasPlayed"": true, ""points"": 160}, {""hasPlayed"": true, ""points"": 65}]",Gregor Kobel,52024.0
2988,9,Jamie,Leweling,26892717.0,103.0,32.0,32.0,26.0,153640.0,3282.0,2,3,https://kickbase.b-cdn.net/pool/playersbig/2988.png,18.0,1,122.0,,"[{""hasPlayed"": true, ""points"": 76}, {""hasPlayed"": true, ""points"": 166}, {""hasPlayed"": true, ""points"": 121}, {""hasPlayed"": true, ""points"": 22}, {""hasPlayed"": true, ""points"": 40}]",Jamie Leweling,36917.0
2746,7,Patrik,Schick,29026293.0,103.0,28.0,28.0,23.0,130835.0,2889.0,0,4,https://kickbase.b-cdn.net/pool/playersbig/2746.png,14.0,1,99.0,,"[{""hasPlayed"": true, ""points"": 42}, {""hasPlayed"": true, ""points"": 23}, {""hasPlayed"": true, ""points"": 367}, {""hasPlayed"": true, ""points"": 227}, {""hasPlayed"": true, ""points"": 161}]",Patrik Schick,56372.0
3089,2,,Ito,5509292.0,103.0,16.0,16.0,10.0,60821.0,1652.0,0,2,https://kickbase.b-cdn.net/pool/playersbig/3089.png,21.0,2,299.0,,"[{""hasPlayed"": false, ""points"": null}, {""hasPlayed"": true, ""points"": 145}, {""hasPlayed"": true, ""points"": 117}, {""hasPlayed"": true, ""points"": 153}, {""hasPlayed"": true, ""points"": 129}]",Ito,-238682.0
1920,3,Serhou,Guirassy,28186271.0,102.0,33.0,33.0,27.0,151810.0,3356.0,0,4,https://kickbase.b-cdn.net/pool/playersbig/1920.png,9.0,1,119.0,,"[{""hasPlayed"": true, ""points"": 155}, {""hasPlayed"": true, ""points"": 134}, {""hasPlayed"": true, ""points"": 26}, {""hasPlayed"": true, ""points"": 187}, {""hasPlayed"": true, ""points"": 101}]",Serhou Guirassy,107084.0
2141,43,Ridle ,Baku,19509016.0,102.0,32.0,32.0,28.0,162435.0,3278.0,0,2,https://kickbase.b-cdn.net/pool/playersbig/2141.png,17.0,1,168.0,,"[{""hasPlayed"": true, ""points"": -4}, {""hasPlayed"": true, ""points"": 95}, {""hasPlayed"": true, ""points"": 38}, {""hasPlayed"": true, ""points"": 224}, {""hasPlayed"": true, ""points"": 124}]",Ridle  Baku,61865.0
7963,7,Jarell,Quansah,21276597.0,102.0,28.0,28.0,25.0,152471.0,2867.0,0,2,https://kickbase.b-cdn.net/pool/playersbig/7963.png,4.0,1,134.0,,"[{""hasPlayed"": true, ""points"": 223}, {""hasPlayed"": true, ""points"": 35}, {""hasPlayed"": true, ""points"": 85}, {""hasPlayed"": true, ""points"": 72}, {""hasPlayed"": true, ""points"": 74}]",Jarell Quansah,151933.0
2172,9,Chris,Führich,24631614.0,101.0,33.0,33.0,20.0,110946.0,3346.0,0,3,https://kickbase.b-cdn.net/pool/playersbig/2172.png,10.0,1,135.0,,"[{""hasPlayed"": true, ""points"": 164}, {""hasPlayed"": true, ""points"": 99}, {""hasPlayed"": true, ""points"": 198}, {""hasPlayed"": true, ""points"": 82}, {""hasPlayed"": true, ""points"": 122}]",Chris Führich,159140.0
3481,10,Jens,Stage,18099425.0,100.0,29.0,29.0,29.0,160601.0,2895.0,0,3,https://kickbase.b-cdn.net/pool/playersbig/3481.png,6.0,1,159.0,,"[{""hasPlayed"": true, ""points"": 48}, {""hasPlayed"": true, ""points"": 12}, {""hasPlayed"": true, ""points"": 30}, {""hasPlayed"": true, ""points"": 157}, {""hasPlayed"": true, ""points"": 265}]",Jens Stage,153214.0
524,14,Oliver,Baumann,20135933.0,99.0,34.0,34.0,34.0,203483.0,3366.0,0,1,https://kickbase.b-cdn.net/pool/playersbig/524.png,1.0,1,167.0,,"[{""hasPlayed"": true, ""points"": 22}, {""hasPlayed"": true, ""points"": 161}, {""hasPlayed"": true, ""points"": 112}, {""hasPlayed"": true, ""points"": 57}, {""hasPlayed"": true, ""points"": 119}]",Oliver Baumann,17626.0
2367,10,Romano,Schmid,16275202.0,98.0,34.0,34.0,34.0,195180.0,3325.0,256,3,https://kickbase.b-cdn.net/pool/playersbig/2367.png,10.0,2,204.0,,"[{""hasPlayed"": true, ""points"": 40}, {""hasPlayed"": true, ""points"": 16}, {""hasPlayed"": true, ""points"": 248}, {""hasPlayed"": true, ""points"": 96}, {""hasPlayed"": true, ""points"": 182}]",Romano Schmid,-230008.0
6061,7,Ibrahim,Maza,28810032.0,98.0,28.0,28.0,20.0,121679.0,2743.0,0,3,https://kickbase.b-cdn.net/pool/playersbig/6061.png,30.0,1,95.0,,"[{""hasPlayed"": true, ""points"": 85}, {""hasPlayed"": true, ""points"": 34}, {""hasPlayed"": true, ""points"": 182}, {""hasPlayed"": true, ""points"": 40}, {""hasPlayed"": true, ""points"": 79}]",Ibrahim Maza,84259.0
2804,2,Jamal,Musiala,34841892.0,98.0,15.0,15.0,7.0,45579.0,1476.0,2,3,https://kickbase.b-cdn.net/pool/playersbig/2804.png,10.0,1,42.0,,"[{""hasPlayed"": true, ""points"": 36}, {""hasPlayed"": true, ""points"": 100}, {""hasPlayed"": true, ""points"": 42}, {""hasPlayed"": true, ""points"": 198}, {""hasPlayed"": true, ""points"": 125}]",Jamal Musiala,71333.0
4596,43,Brajan,Gruda,16027521.0,98.0,13.0,13.0,8.0,49007.0,1270.0,0,3,https://kickbase.b-cdn.net/pool/playersbig/4596.png,10.0,1,79.0,,"[{""hasPlayed"": true, ""points"": 28}, {""hasPlayed"": true, ""points"": 68}, {""hasPlayed"": true, ""points"": 89}, {""hasPlayed"": true, ""points"": 24}, {""hasPlayed"": true, ""points"": 48}]",Brajan Gruda,258558.0
3019,5,Noah,Atubolu,9623459.0,97.0,34.0,34.0,34.0,203699.0,3299.0,0,1,https://kickbase.b-cdn.net/pool/playersbig/3019.png,1.0,2,342.0,,"[{""hasPlayed"": true, ""points"": 118}, {""hasPlayed"": true, ""points"": 51}, {""hasPlayed"": true, ""points"": 64}, {""hasPlayed"": true, ""points"": 23}, {""hasPlayed"": true, ""points"": 94}]",Noah Atubolu,-256349.0
7673,14,Albian,Hajdari,16555626.0,97.0,30.0,30.0,28.0,160153.0,2924.0,0,2,https://kickbase.b-cdn.net/pool/playersbig/7673.png,21.0,1,176.0,,"[{""hasPlayed"": true, ""points"": -7}, {""hasPlayed"": true, ""points"": 245}, {""hasPlayed"": true, ""points"": 81}, {""hasPlayed"": true, ""points"": 171}, {""hasPlayed"": true, ""points"": 120}]",Albian Hajdari,188558.0
1580,28,Marvin,Schwäbe,13230768.0,96.0,34.0,34.0,34.0,205397.0,3249.0,0,1,https://kickbase.b-cdn.net/pool/playersbig/1580.png,1.0,1,245.0,,"[{""hasPlayed"": true, ""points"": 60}, {""hasPlayed"": true, ""points"": 75}, {""hasPlayed"": true, ""points"": 3}, {""hasPlayed"": true, ""points"": 50}, {""hasPlayed"": true, ""points"": 130}]",Marvin Schwäbe,136666.0
3218,5,Mio,Backhaus,16132947.0,95.0,32.0,32.0,32.0,190988.0,3025.0,0,1,https://kickbase.b-cdn.net/pool/playersbig/3218.png,0.0,1,187.0,,"[{""hasPlayed"": true, ""points"": 179}, {""hasPlayed"": true, ""points"": 115}, {""hasPlayed"": true, ""points"": 74}, {""hasPlayed"": true, ""points"": 120}, {""hasPlayed"": true, ""points"": 67}]",Mio Backhaus,115400.0
11010,15,Kevin,Diks,14955686.0,95.0,30.0,30.0,28.0,161173.0,2844.0,0,2,https://kickbase.b-cdn.net/pool/playersbig/11010.png,4.0,1,190.0,,"[{""hasPlayed"": true, ""points"": 241}, {""hasPlayed"": true, ""points"": 71}, {""hasPlayed"": true, ""points"": 33}, {""hasPlayed"": false, ""points"": null}, {""hasPlayed"": true, ""points"": 72}]",Kevin Diks,179489.0
4563,7,Loïc,Badé,14178022.0,95.0,23.0,23.0,19.0,110581.0,2192.0,0,2,https://kickbase.b-cdn.net/pool/playersbig/4563.png,5.0,1,154.0,,"[{""hasPlayed"": false, ""points"": null}, {""hasPlayed"": false, ""points"": null}, {""hasPlayed"": false, ""points"": null}, {""hasPlayed"": true, ""points"": 50}, {""hasPlayed"": true, ""points"": 121}]",Loïc Badé,86636.0
237,2,Manuel,Neuer,12452811.0,95.0,22.0,22.0,22.0,124205.0,2083.0,0,1,https://kickbase.b-cdn.net/pool/playersbig/237.png,1.0,1,167.0,,"[{""hasPlayed"": true, ""points"": 45}, {""hasPlayed"": false, ""points"": null}, {""hasPlayed"": false, ""points"": null}, {""hasPlayed"": false, ""points"": null}, {""hasPlayed"": false, ""points"": null}]",Manuel Neuer,27824.0
2714,3,Maximilian,Beier,25659669.0,94.0,32.0,32.0,24.0,132156.0,3023.0,0,4,https://kickbase.b-cdn.net/pool/playersbig/2714.png,14.0,1,117.0,,"[{""hasPlayed"": true, ""points"": 52}, {""hasPlayed"": true, ""points"": 207}, {""hasPlayed"": true, ""points"": 17}, {""hasPlayed"": true, ""points"": 241}, {""hasPlayed"": true, ""points"": 13}]",Maximilian Beier,67096.0
3069,3,Felix,Nmecha,25462676.0,94.0,29.0,29.0,25.0,141393.0,2730.0,0,3,https://kickbase.b-cdn.net/pool/playersbig/3069.png,8.0,1,107.0,,"[{""hasPlayed"": true, ""points"": 126}, {""hasPlayed"": true, ""points"": 14}, {""hasPlayed"": false, ""points"": null}, {""hasPlayed"": false, ""points"": null}, {""hasPlayed"": false, ""points"": null}]",Felix Nmecha,131229.0
1655,4,Michael,Zetterer,7109109.0,94.0,22.0,22.0,21.0,131394.0,2075.0,0,1,https://kickbase.b-cdn.net/pool/playersbig/1655.png,23.0,2,291.0,,"[{""hasPlayed"": true, ""points"": 133}, {""hasPlayed"": true, ""points"": 105}, {""hasPlayed"": true, ""points"": 66}, {""hasPlayed"": true, ""points"": 95}, {""hasPlayed"": true, ""points"": 47}]",Michael Zetterer,-252576.0
8057,4,Arthur,Theate,15300090.0,93.0,24.0,24.0,24.0,142350.0,2226.0,0,2,https://kickbase.b-cdn.net/pool/playersbig/8057.png,3.0,1,145.0,,"[{""hasPlayed"": false, ""points"": null}, {""hasPlayed"": true, ""points"": 23}, {""hasPlayed"": false, ""points"": null}, {""hasPlayed"": false, ""points"": null}, {""hasPlayed"": true, ""points"": 67}]",Arthur Theate,16509.0
72,7,Mark,Flekken,13747628.0,93.0,24.0,24.0,24.0,141251.0,2230.0,0,1,https://kickbase.b-cdn.net/pool/playersbig/72.png,1.0,1,162.0,,"[{""hasPlayed"": true, ""points"": 110}, {""hasPlayed"": true, ""points"": 77}, {""hasPlayed"": true, ""points"": 111}, {""hasPlayed"": false, ""points"": null}, {""hasPlayed"": true, ""points"": 75}]",Mark Flekken,135315.0
2766,7,Exequiel,Palacios,22456926.0,93.0,18.0,18.0,12.0,73391.0,1672.0,0,3,https://kickbase.b-cdn.net/pool/playersbig/2766.png,25.0,1,74.0,,"[{""hasPlayed"": true, ""points"": 174}, {""hasPlayed"": true, ""points"": 28}, {""hasPlayed"": true, ""points"": 109}, {""hasPlayed"": true, ""points"": 91}, {""hasPlayed"": true, ""points"": 125}]",Exequiel Palacios,100400.0
1863,6,Daniel,Heuer Fernandes,13091774.0,92.0,33.0,33.0,33.0,199082.0,3051.0,0,1,https://kickbase.b-cdn.net/pool/playersbig/1863.png,1.0,1,233.0,,"[{""hasPlayed"": false, ""points"": null}, {""hasPlayed"": true, ""points"": 100}, {""hasPlayed"": true, ""points"": 119}, {""hasPlayed"": true, ""points"": 92}, {""hasPlayed"": true, ""points"": 54}]",Daniel Heuer Fernandes,149136.0
2069,28,Timo,Hübers,3318318.0,92.0,8.0,8.0,8.0,45515.0,737.0,4,2,https://kickbase.b-cdn.net/pool/playersbig/2069.png,4.0,2,222.0,,"[{""hasPlayed"": false, ""points"": null}, {""hasPlayed"": false, ""points"": null}, {""hasPlayed"": false, ""points"": null}, {""hasPlayed"": false, ""points"": null}, {""hasPlayed"": false, ""points"": null}]",Timo Hübers,-124500.0
9507,43,Antonio,Nusa,24590156.0,91.0,31.0,31.0,24.0,129764.0,2835.0,0,3,https://kickbase.b-cdn.net/pool/playersbig/9507.png,7.0,1,115.0,,"[{""hasPlayed"": true, ""points"": 20}, {""hasPlayed"": true, ""points"": 42}, {""hasPlayed"": true, ""points"": 25}, {""hasPlayed"": true, ""points"": 95}, {""hasPlayed"": true, ""points"": 265}]",Antonio Nusa,163169.0
