player_id,games_played,starts,total_points,total_playtime_seconds,snapshot_timestamp,source_snapshot_filename
173,2.0,1.0,267.0,6434.0,2026-09-09T10:21:35+00:00,kbstats_players_20260909_122135_+0200.csv
237,2.0,2.0,242.0,11508.0,2026-09-09T10:21:35+00:00,kbstats_players_20260909_122135_+0200.csv
383,0.0,0.0,0.0,0.0,2026-09-09T10:21:35+00:00,kbstats_players_20260909_122135_+0200.csv
1685,2.0,2.0,557.0,11508.0,2026-09-09T10:21:35+00:00,kbstats_players_20260909_122135_+0200.csv
1961,0.0,0.0,0.0,0.0,2026-09-09T10:21:35+00:00,kbstats_players_20260909_122135_+0200.csv
1991,2.0,2.0,489.0,11508.0,2026-09-09T10:21:35+00:00,kbstats_players_20260909_122135_+0200.csv
2038,2.0,2.0,236.0,11508.0,2026-09-09T10:21:35+00:00,kbstats_players_20260909_122135_+0200.csv
2300,1.0,0.0,43.0,1298.0,2026-09-09T10:21:35+00:00,kbstats_players_20260909_122135_+0200.csv
2366,2.0,2.0,354.0,10209.0,2026-09-09T10:21:35+00:00,kbstats_players_20260909_122135_+0200.csv
2804,1.0,0.0,38.0,2235.0,2026-09-09T10:21:35+00:00,kbstats_players_20260909_122135_+0200.csv
3072,0.0,0.0,0.0,0.0,2026-09-09T10:21:35+00:00,kbstats_players_20260909_122135_+0200.csv
3089,0.0,0.0,0.0,0.0,2026-09-09T10:21:35+00:00,kbstats_players_20260909_122135_+0200.csv
3120,2.0,0.0,88.0,1866.0,2026-09-09T10:21:35+00:00,kbstats_players_20260909_122135_+0200.csv
3543,2.0,2.0,136.0,6526.0,2026-09-09T10:21:35+00:00,kbstats_players_20260909_122135_+0200.csv
6080,2.0,2.0,426.0,9640.0,2026-09-09T10:21:35+00:00,kbstats_players_20260909_122135_+0200.csv
6668,1.0,1.0,110.0,5073.0,2026-09-09T10:21:35+00:00,kbstats_players_20260909_122135_+0200.csv
7226,2.0,1.0,194.0,7979.0,2026-09-09T10:21:35+00:00,kbstats_players_20260909_122135_+0200.csv
8329,2.0,1.0,374.0,7997.0,2026-09-09T10:21:35+00:00,kbstats_players_20260909_122135_+0200.csv
10789,2.0,1.0,94.0,4200.0,2026-09-09T10:21:35+00:00,kbstats_players_20260909_122135_+0200.csv
11675,2.0,2.0,344.0,11508.0,2026-09-09T10:21:35+00:00,kbstats_players_20260909_122135_+0200.csv
12314,0.0,0.0,0.0,0.0,2026-09-09T10:21:35+00:00,kbstats_players_20260909_122135_+0200.csv
14251,2.0,1.0,219.0,5590.0,2026-09-09T10:21:35+00:00,kbstats_players_20260909_122135_+0200.csv
15502,0.0,0.0,0.0,0.0,2026-09-09T10:21:35+00:00,kbstats_players_20260909_122135_+0200.csv
1664,2.0,2.0,292.0,10489.0,2026-09-09T10:21:35+00:00,kbstats_players_20260909_122135_+0200.csv
1671,2.0,2.0,258.0,11468.0,2026-09-09T10:21:35+00:00,kbstats_players_20260909_122135_+0200.csv
2068,0.0,0.0,0.0,0.0,2026-09-09T10:21:35+00:00,kbstats_players_20260909_122135_+0200.csv
2120,0.0,0.0,0.0,0.0,2026-09-09T10:21:35+00:00,kbstats_players_20260909_122135_+0200.csv
2172,1.0,1.0,96.0,4251.0,2026-09-09T10:21:35+00:00,kbstats_players_20260909_122135_+0200.csv
2199,2.0,2.0,383.0,11468.0,2026-09-09T10:21:35+00:00,kbstats_players_20260909_122135_+0200.csv
2214,0.0,0.0,0.0,0.0,2026-09-09T10:21:35+00:00,kbstats_players_20260909_122135_+0200.csv
2237,2.0,2.0,262.0,11468.0,2026-09-09T10:21:35+00:00,kbstats_players_20260909_122135_+0200.csv
2445,0.0,0.0,0.0,0.0,2026-09-09T10:21:35+00:00,kbstats_players_20260909_122135_+0200.csv
2694,2.0,2.0,152.0,10853.0,2026-09-09T10:21:35+00:00,kbstats_players_20260909_122135_+0200.csv
2854,2.0,0.0,161.0,3421.0,2026-09-09T10:21:35+00:00,kbstats_players_20260909_122135_+0200.csv
2988,2.0,0.0,18.0,3435.0,2026-09-09T10:21:35+00:00,kbstats_players_20260909_122135_+0200.csv
3190,2.0,2.0,187.0,10189.0,2026-09-09T10:21:35+00:00,kbstats_players_20260909_122135_+0200.csv
3193,1.0,1.0,35.0,3780.0,2026-09-09T10:21:35+00:00,kbstats_players_20260909_122135_+0200.csv
4296,2.0,2.0,87.0,9491.0,2026-09-09T10:21:35+00:00,kbstats_players_20260909_122135_+0200.csv
4589,0.0,0.0,0.0,0.0,2026-09-09T10:21:35+00:00,kbstats_players_20260909_122135_+0200.csv
6085,0.0,0.0,0.0,0.0,2026-09-09T10:21:35+00:00,kbstats_players_20260909_122135_+0200.csv
7158,2.0,2.0,53.0,8735.0,2026-09-09T10:21:35+00:00,kbstats_players_20260909_122135_+0200.csv
7257,1.0,0.0,-8.0,1286.0,2026-09-09T10:21:35+00:00,kbstats_players_20260909_122135_+0200.csv
7349,2.0,2.0,200.0,11468.0,2026-09-09T10:21:35+00:00,kbstats_players_20260909_122135_+0200.csv
7781,1.0,0.0,38.0,985.0,2026-09-09T10:21:35+00:00,kbstats_players_20260909_122135_+0200.csv
8247,2.0,1.0,-5.0,6745.0,2026-09-09T10:21:35+00:00,kbstats_players_20260909_122135_+0200.csv
9615,0.0,0.0,0.0,0.0,2026-09-09T10:21:35+00:00,kbstats_players_20260909_122135_+0200.csv
10112,0.0,0.0,0.0,0.0,2026-09-09T10:21:35+00:00,kbstats_players_20260909_122135_+0200.csv
11043,0.0,0.0,0.0,0.0,2026-09-09T10:21:35+00:00,kbstats_players_20260909_122135_+0200.csv
11955,2.0,1.0,169.0,5995.0,2026-09-09T10:21:35+00:00,kbstats_players_20260909_122135_+0200.csv
859,2.0,2.0,144.0,9986.0,2026-09-09T10:21:35+00:00,kbstats_players_20260909_122135_+0200.csv
1745,1.0,0.0,14.0,483.0,2026-09-09T10:21:35+00:00,kbstats_players_20260909_122135_+0200.csv
2495,0.0,0.0,0.0,0.0,2026-09-09T10:21:35+00:00,kbstats_players_20260909_122135_+0200.csv
2928,2.0,2.0,324.0,11739.0,2026-09-09T10:21:35+00:00,kbstats_players_20260909_122135_+0200.csv
3026,2.0,2.0,128.0,10489.0,2026-09-09T10:21:35+00:00,kbstats_players_20260909_122135_+0200.csv
3232,0.0,0.0,0.0,0.0,2026-09-09T10:21:35+00:00,kbstats_players_20260909_122135_+0200.csv
3284,2.0,2.0,202.0,10884.0,2026-09-09T10:21:35+00:00,kbstats_players_20260909_122135_+0200.csv
3350,2.0,2.0,250.0,11739.0,2026-09-09T10:21:35+00:00,kbstats_players_20260909_122135_+0200.csv
6148,2.0,2.0,272.0,11739.0,2026-09-09T10:21:35+00:00,kbstats_players_20260909_122135_+0200.csv
6149,0.0,0.0,0.0,0.0,2026-09-09T10:21:35+00:00,kbstats_players_20260909_122135_+0200.csv
6158,1.0,0.0,15.0,1273.0,2026-09-09T10:21:35+00:00,kbstats_players_20260909_122135_+0200.csv
6160,2.0,2.0,188.0,11739.0,2026-09-09T10:21:35+00:00,kbstats_players_20260909_122135_+0200.csv
6183,1.0,0.0,122.0,1252.0,2026-09-09T10:21:35+00:00,kbstats_players_20260909_122135_+0200.csv
7278,2.0,2.0,182.0,11739.0,2026-09-09T10:21:35+00:00,kbstats_players_20260909_122135_+0200.csv
7441,2.0,2.0,168.0,7974.0,2026-09-09T10:21:35+00:00,kbstats_players_20260909_122135_+0200.csv
7463,2.0,2.0,215.0,8591.0,2026-09-09T10:21:35+00:00,kbstats_players_20260909_122135_+0200.csv
7514,1.0,0.0,20.0,855.0,2026-09-09T10:21:35+00:00,kbstats_players_20260909_122135_+0200.csv
8252,2.0,0.0,288.0,3763.0,2026-09-09T10:21:35+00:00,kbstats_players_20260909_122135_+0200.csv
8296,0.0,0.0,0.0,0.0,2026-09-09T10:21:35+00:00,kbstats_players_20260909_122135_+0200.csv
8301,2.0,0.0,35.0,1752.0,2026-09-09T10:21:35+00:00,kbstats_players_20260909_122135_+0200.csv
9224,0.0,0.0,0.0,0.0,2026-09-09T10:21:35+00:00,kbstats_players_20260909_122135_+0200.csv
9384,1.0,0.0,12.0,1895.0,2026-09-09T10:21:35+00:00,kbstats_players_20260909_122135_+0200.csv
9995,2.0,2.0,298.0,9981.0,2026-09-09T10:21:35+00:00,kbstats_players_20260909_122135_+0200.csv
11253,1.0,0.0,58.0,1249.0,2026-09-09T10:21:35+00:00,kbstats_players_20260909_122135_+0200.csv
12317,0.0,0.0,0.0,0.0,2026-09-09T10:21:35+00:00,kbstats_players_20260909_122135_+0200.csv
4,0.0,0.0,0.0,0.0,2026-09-09T10:21:35+00:00,kbstats_players_20260909_122135_+0200.csv
72,2.0,2.0,165.0,11543.0,2026-09-09T10:21:35+00:00,kbstats_players_20260909_122135_+0200.csv
78,1.0,0.0,43.0,1881.0,2026-09-09T10:21:35+00:00,kbstats_players_20260909_122135_+0200.csv
663,1.0,0.0,38.0,1366.0,2026-09-09T10:21:35+00:00,kbstats_players_20260909_122135_+0200.csv
2661,1.0,0.0,47.0,1570.0,2026-09-09T10:21:35+00:00,kbstats_players_20260909_122135_+0200.csv
2746,2.0,2.0,377.0,9970.0,2026-09-09T10:21:35+00:00,kbstats_players_20260909_122135_+0200.csv
2783,2.0,2.0,101.0,11543.0,2026-09-09T10:21:35+00:00,kbstats_players_20260909_122135_+0200.csv
2846,2.0,2.0,172.0,8092.0,2026-09-09T10:21:35+00:00,kbstats_players_20260909_122135_+0200.csv
3754,2.0,1.0,22.0,4031.0,2026-09-09T10:21:35+00:00,kbstats_players_20260909_122135_+0200.csv
3759,2.0,2.0,397.0,10910.0,2026-09-09T10:21:35+00:00,kbstats_players_20260909_122135_+0200.csv
4199,2.0,2.0,329.0,11543.0,2026-09-09T10:21:35+00:00,kbstats_players_20260909_122135_+0200.csv
4318,0.0,0.0,0.0,0.0,2026-09-09T10:21:35+00:00,kbstats_players_20260909_122135_+0200.csv
4563,2.0,1.0,70.0,4765.0,2026-09-09T10:21:35+00:00,kbstats_players_20260909_122135_+0200.csv
6061,2.0,2.0,426.0,11543.0,2026-09-09T10:21:35+00:00,kbstats_players_20260909_122135_+0200.csv
6745,1.0,0.0,43.0,667.0,2026-09-09T10:21:35+00:00,kbstats_players_20260909_122135_+0200.csv
7269,0.0,0.0,0.0,0.0,2026-09-09T10:21:35+00:00,kbstats_players_20260909_122135_+0200.csv
7963,2.0,1.0,247.0,8154.0,2026-09-09T10:21:35+00:00,kbstats_players_20260909_122135_+0200.csv
8374,0.0,0.0,0.0,0.0,2026-09-09T10:21:35+00:00,kbstats_players_20260909_122135_+0200.csv
11513,2.0,0.0,148.0,4066.0,2026-09-09T10:21:35+00:00,kbstats_players_20260909_122135_+0200.csv
11680,0.0,0.0,0.0,0.0,2026-09-09T10:21:35+00:00,kbstats_players_20260909_122135_+0200.csv
11756,0.0,0.0,0.0,0.0,2026-09-09T10:21:35+00:00,kbstats_players_20260909_122135_+0200.csv
11956,2.0,2.0,267.0,7676.0,2026-09-09T10:21:35+00:00,kbstats_players_20260909_122135_+0200.csv
11957,0.0,0.0,0.0,0.0,2026-09-09T10:21:35+00:00,kbstats_players_20260909_122135_+0200.csv
13888,0.0,0.0,0.0,0.0,2026-09-09T10:21:35+00:00,kbstats_players_20260909_122135_+0200.csv
14241,2.0,1.0,256.0,6771.0,2026-09-09T10:21:35+00:00,kbstats_players_20260909_122135_+0200.csv
15199,2.0,2.0,135.0,10875.0,2026-09-09T10:21:35+00:00,kbstats_players_20260909_122135_+0200.csv
417,0.0,0.0,0.0,0.0,2026-09-09T10:21:35+00:00,kbstats_players_20260909_122135_+0200.csv
737,0.0,0.0,0.0,0.0,2026-09-09T10:21:35+00:00,kbstats_players_20260909_122135_+0200.csv
1580,2.0,2.0,285.0,11507.0,2026-09-09T10:21:35+00:00,kbstats_players_20260909_122135_+0200.csv
2069,0.0,0.0,0.0,0.0,2026-09-09T10:21:35+00:00,kbstats_players_20260909_122135_+0200.csv
2201,2.0,1.0,131.0,6346.0,2026-09-09T10:21:35+00:00,kbstats_players_20260909_122135_+0200.csv
2247,0.0,0.0,0.0,0.0,2026-09-09T10:21:35+00:00,kbstats_players_20260909_122135_+0200.csv
2358,2.0,2.0,118.0,10881.0,2026-09-09T10:21:35+00:00,kbstats_players_20260909_122135_+0200.csv
2536,0.0,0.0,0.0,0.0,2026-09-09T10:21:35+00:00,kbstats_players_20260909_122135_+0200.csv
2552,2.0,0.0,33.0,1548.0,2026-09-09T10:21:35+00:00,kbstats_players_20260909_122135_+0200.csv
2718,2.0,0.0,52.0,4784.0,2026-09-09T10:21:35+00:00,kbstats_players_20260909_122135_+0200.csv
2765,2.0,2.0,99.0,8564.0,2026-09-09T10:21:35+00:00,kbstats_players_20260909_122135_+0200.csv
2855,2.0,2.0,121.0,8510.0,2026-09-09T10:21:35+00:00,kbstats_players_20260909_122135_+0200.csv
7219,2.0,2.0,187.0,11507.0,2026-09-09T10:21:35+00:00,kbstats_players_20260909_122135_+0200.csv
8001,2.0,2.0,152.0,11507.0,2026-09-09T10:21:35+00:00,kbstats_players_20260909_122135_+0200.csv
8274,1.0,1.0,143.0,3976.0,2026-09-09T10:21:35+00:00,kbstats_players_20260909_122135_+0200.csv
10024,1.0,0.0,20.0,185.0,2026-09-09T10:21:35+00:00,kbstats_players_20260909_122135_+0200.csv
11570,0.0,0.0,0.0,0.0,2026-09-09T10:21:35+00:00,kbstats_players_20260909_122135_+0200.csv
11875,0.0,0.0,0.0,0.0,2026-09-09T10:21:35+00:00,kbstats_players_20260909_122135_+0200.csv
11958,2.0,2.0,114.0,11322.0,2026-09-09T10:21:35+00:00,kbstats_players_20260909_122135_+0200.csv
12321,2.0,2.0,141.0,11507.0,2026-09-09T10:21:35+00:00,kbstats_players_20260909_122135_+0200.csv
14140,2.0,2.0,126.0,11507.0,2026-09-09T10:21:35+00:00,kbstats_players_20260909_122135_+0200.csv
14300,2.0,2.0,74.0,6747.0,2026-09-09T10:21:35+00:00,kbstats_players_20260909_122135_+0200.csv
15373,1.0,0.0,-8.0,1185.0,2026-09-09T10:21:35+00:00,kbstats_players_20260909_122135_+0200.csv
16945,1.0,0.0,240.0,1810.0,2026-09-09T10:21:35+00:00,kbstats_players_20260909_122135_+0200.csv
17282,1.0,0.0,36.0,2967.0,2026-09-09T10:21:35+00:00,kbstats_players_20260909_122135_+0200.csv
524,2.0,2.0,203.0,11756.0,2026-09-09T10:21:35+00:00,kbstats_players_20260909_122135_+0200.csv
1815,2.0,0.0,-26.0,1881.0,2026-09-09T10:21:35+00:00,kbstats_players_20260909_122135_+0200.csv
1954,1.0,1.0,62.0,3268.0,2026-09-09T10:21:35+00:00,kbstats_players_20260909_122135_+0200.csv
2373,2.0,2.0,267.0,10729.0,2026-09-09T10:21:35+00:00,kbstats_players_20260909_122135_+0200.csv
2803,1.0,1.0,128.0,5210.0,2026-09-09T10:21:35+00:00,kbstats_players_20260909_122135_+0200.csv
2852,0.0,0.0,0.0,0.0,2026-09-09T10:21:35+00:00,kbstats_players_20260909_122135_+0200.csv
3124,2.0,2.0,88.0,8894.0,2026-09-09T10:21:35+00:00,kbstats_players_20260909_122135_+0200.csv
3158,0.0,0.0,0.0,0.0,2026-09-09T10:21:35+00:00,kbstats_players_20260909_122135_+0200.csv
3204,2.0,1.0,94.0,7169.0,2026-09-09T10:21:35+00:00,kbstats_players_20260909_122135_+0200.csv
3471,2.0,2.0,66.0,7858.0,2026-09-09T10:21:35+00:00,kbstats_players_20260909_122135_+0200.csv
7543,2.0,0.0,-82.0,3269.0,2026-09-09T10:21:35+00:00,kbstats_players_20260909_122135_+0200.csv
7673,2.0,2.0,45.0,11249.0,2026-09-09T10:21:35+00:00,kbstats_players_20260909_122135_+0200.csv
7717,0.0,0.0,0.0,0.0,2026-09-09T10:21:35+00:00,kbstats_players_20260909_122135_+0200.csv
7745,2.0,2.0,282.0,11756.0,2026-09-09T10:21:35+00:00,kbstats_players_20260909_122135_+0200.csv
7750,2.0,0.0,45.0,3564.0,2026-09-09T10:21:35+00:00,kbstats_players_20260909_122135_+0200.csv
8289,0.0,0.0,0.0,0.0,2026-09-09T10:21:35+00:00,kbstats_players_20260909_122135_+0200.csv
9598,0.0,0.0,0.0,0.0,2026-09-09T10:21:35+00:00,kbstats_players_20260909_122135_+0200.csv
11161,0.0,0.0,0.0,0.0,2026-09-09T10:21:35+00:00,kbstats_players_20260909_122135_+0200.csv
11162,2.0,2.0,211.0,11756.0,2026-09-09T10:21:35+00:00,kbstats_players_20260909_122135_+0200.csv
11591,0.0,0.0,0.0,0.0,2026-09-09T10:21:35+00:00,kbstats_players_20260909_122135_+0200.csv
11631,2.0,2.0,121.0,10738.0,2026-09-09T10:21:35+00:00,kbstats_players_20260909_122135_+0200.csv
11959,2.0,2.0,308.0,11243.0,2026-09-09T10:21:35+00:00,kbstats_players_20260909_122135_+0200.csv
15193,2.0,1.0,91.0,6457.0,2026-09-09T10:21:35+00:00,kbstats_players_20260909_122135_+0200.csv
15262,2.0,0.0,-11.0,2514.0,2026-09-09T10:21:35+00:00,kbstats_players_20260909_122135_+0200.csv
51,2.0,2.0,65.0,11810.0,2026-09-09T10:21:35+00:00,kbstats_players_20260909_122135_+0200.csv
1223,0.0,0.0,0.0,0.0,2026-09-09T10:21:35+00:00,kbstats_players_20260909_122135_+0200.csv
1553,2.0,0.0,44.0,2995.0,2026-09-09T10:21:35+00:00,kbstats_players_20260909_122135_+0200.csv
1955,0.0,0.0,0.0,0.0,2026-09-09T10:21:35+00:00,kbstats_players_20260909_122135_+0200.csv
2065,1.0,1.0,70.0,5649.0,2026-09-09T10:21:35+00:00,kbstats_players_20260909_122135_+0200.csv
2279,1.0,1.0,90.0,5649.0,2026-09-09T10:21:35+00:00,kbstats_players_20260909_122135_+0200.csv
2302,2.0,0.0,68.0,3876.0,2026-09-09T10:21:35+00:00,kbstats_players_20260909_122135_+0200.csv
2400,1.0,0.0,-6.0,1194.0,2026-09-09T10:21:35+00:00,kbstats_players_20260909_122135_+0200.csv
2491,2.0,0.0,149.0,3896.0,2026-09-09T10:21:35+00:00,kbstats_players_20260909_122135_+0200.csv
2717,0.0,0.0,0.0,0.0,2026-09-09T10:21:35+00:00,kbstats_players_20260909_122135_+0200.csv
3102,2.0,2.0,103.0,11810.0,2026-09-09T10:21:35+00:00,kbstats_players_20260909_122135_+0200.csv
3187,2.0,1.0,29.0,4966.0,2026-09-09T10:21:35+00:00,kbstats_players_20260909_122135_+0200.csv
3364,0.0,0.0,0.0,0.0,2026-09-09T10:21:35+00:00,kbstats_players_20260909_122135_+0200.csv
3419,1.0,1.0,9.0,6161.0,2026-09-09T10:21:35+00:00,kbstats_players_20260909_122135_+0200.csv
3453,1.0,0.0,19.0,811.0,2026-09-09T10:21:35+00:00,kbstats_players_20260909_122135_+0200.csv
4352,0.0,0.0,0.0,0.0,2026-09-09T10:21:35+00:00,kbstats_players_20260909_122135_+0200.csv
4446,2.0,2.0,67.0,8815.0,2026-09-09T10:21:35+00:00,kbstats_players_20260909_122135_+0200.csv
4598,2.0,2.0,228.0,10615.0,2026-09-09T10:21:35+00:00,kbstats_players_20260909_122135_+0200.csv
7684,2.0,2.0,19.0,7930.0,2026-09-09T10:21:35+00:00,kbstats_players_20260909_122135_+0200.csv
7723,1.0,1.0,257.0,6161.0,2026-09-09T10:21:35+00:00,kbstats_players_20260909_122135_+0200.csv
8381,2.0,1.0,55.0,6848.0,2026-09-09T10:21:35+00:00,kbstats_players_20260909_122135_+0200.csv
9683,0.0,0.0,0.0,0.0,2026-09-09T10:21:35+00:00,kbstats_players_20260909_122135_+0200.csv
10106,2.0,2.0,14.0,10999.0,2026-09-09T10:21:35+00:00,kbstats_players_20260909_122135_+0200.csv
12763,2.0,2.0,80.0,7914.0,2026-09-09T10:21:35+00:00,kbstats_players_20260909_122135_+0200.csv
13629,0.0,0.0,0.0,0.0,2026-09-09T10:21:35+00:00,kbstats_players_20260909_122135_+0200.csv
14917,2.0,2.0,101.0,11810.0,2026-09-09T10:21:35+00:00,kbstats_players_20260909_122135_+0200.csv
17306,0.0,0.0,0.0,0.0,2026-09-09T10:21:35+00:00,kbstats_players_20260909_122135_+0200.csv
357,0.0,0.0,0.0,0.0,2026-09-09T10:21:35+00:00,kbstats_players_20260909_122135_+0200.csv
461,1.0,0.0,-9.0,1457.0,2026-09-09T10:21:35+00:00,kbstats_players_20260909_122135_+0200.csv
513,1.0,1.0,56.0,4200.0,2026-09-09T10:21:35+00:00,kbstats_players_20260909_122135_+0200.csv
2144,2.0,2.0,265.0,11823.0,2026-09-09T10:21:35+00:00,kbstats_players_20260909_122135_+0200.csv
2255,2.0,2.0,160.0,10087.0,2026-09-09T10:21:35+00:00,kbstats_players_20260909_122135_+0200.csv
2863,0.0,0.0,0.0,0.0,2026-09-09T10:21:35+00:00,kbstats_players_20260909_122135_+0200.csv
2864,0.0,0.0,0.0,0.0,2026-09-09T10:21:35+00:00,kbstats_players_20260909_122135_+0200.csv
2887,1.0,1.0,70.0,5259.0,2026-09-09T10:21:35+00:00,kbstats_players_20260909_122135_+0200.csv
3019,2.0,2.0,166.0,11823.0,2026-09-09T10:21:35+00:00,kbstats_players_20260909_122135_+0200.csv
6081,2.0,2.0,124.0,9419.0,2026-09-09T10:21:35+00:00,kbstats_players_20260909_122135_+0200.csv
7275,0.0,0.0,0.0,0.0,2026-09-09T10:21:35+00:00,kbstats_players_20260909_122135_+0200.csv
7277,2.0,1.0,107.0,7623.0,2026-09-09T10:21:35+00:00,kbstats_players_20260909_122135_+0200.csv
7325,2.0,2.0,231.0,10366.0,2026-09-09T10:21:35+00:00,kbstats_players_20260909_122135_+0200.csv
7417,0.0,0.0,0.0,0.0,2026-09-09T10:21:35+00:00,kbstats_players_20260909_122135_+0200.csv
8351,1.0,0.0,1.0,945.0,2026-09-09T10:21:35+00:00,kbstats_players_20260909_122135_+0200.csv
10004,2.0,2.0,442.0,11211.0,2026-09-09T10:21:35+00:00,kbstats_players_20260909_122135_+0200.csv
11186,1.0,1.0,194.0,6161.0,2026-09-09T10:21:35+00:00,kbstats_players_20260909_122135_+0200.csv
12284,2.0,2.0,118.0,11823.0,2026-09-09T10:21:35+00:00,kbstats_players_20260909_122135_+0200.csv
12285,1.0,0.0,-6.0,944.0,2026-09-09T10:21:35+00:00,kbstats_players_20260909_122135_+0200.csv
12294,2.0,1.0,82.0,6675.0,2026-09-09T10:21:35+00:00,kbstats_players_20260909_122135_+0200.csv
14920,2.0,0.0,-12.0,2139.0,2026-09-09T10:21:35+00:00,kbstats_players_20260909_122135_+0200.csv
15589,1.0,0.0,-1.0,611.0,2026-09-09T10:21:35+00:00,kbstats_players_20260909_122135_+0200.csv
16369,2.0,2.0,122.0,11823.0,2026-09-09T10:21:35+00:00,kbstats_players_20260909_122135_+0200.csv
17285,1.0,1.0,79.0,5662.0,2026-09-09T10:21:35+00:00,kbstats_players_20260909_122135_+0200.csv
60,1.0,1.0,96.0,4824.0,2026-09-09T10:21:35+00:00,kbstats_players_20260909_122135_+0200.csv
550,0.0,0.0,0.0,0.0,2026-09-09T10:21:35+00:00,kbstats_players_20260909_122135_+0200.csv
620,1.0,1.0,151.0,5624.0,2026-09-09T10:21:35+00:00,kbstats_players_20260909_122135_+0200.csv
1540,2.0,1.0,178.0,6462.0,2026-09-09T10:21:35+00:00,kbstats_players_20260909_122135_+0200.csv
1590,1.0,1.0,104.0,5731.0,2026-09-09T10:21:35+00:00,kbstats_players_20260909_122135_+0200.csv
1639,2.0,2.0,339.0,11355.0,2026-09-09T10:21:35+00:00,kbstats_players_20260909_122135_+0200.csv
2006,1.0,1.0,123.0,5299.0,2026-09-09T10:21:35+00:00,kbstats_players_20260909_122135_+0200.csv
2030,2.0,2.0,406.0,11355.0,2026-09-09T10:21:35+00:00,kbstats_players_20260909_122135_+0200.csv
2232,2.0,2.0,373.0,11355.0,2026-09-09T10:21:35+00:00,kbstats_players_20260909_122135_+0200.csv
2399,1.0,0.0,23.0,312.0,2026-09-09T10:21:35+00:00,kbstats_players_20260909_122135_+0200.csv
2476,2.0,2.0,276.0,9397.0,2026-09-09T10:21:35+00:00,kbstats_players_20260909_122135_+0200.csv
2646,2.0,2.0,351.0,8198.0,2026-09-09T10:21:35+00:00,kbstats_players_20260909_122135_+0200.csv
2702,0.0,0.0,0.0,0.0,2026-09-09T10:21:35+00:00,kbstats_players_20260909_122135_+0200.csv
2822,0.0,0.0,0.0,0.0,2026-09-09T10:21:35+00:00,kbstats_players_20260909_122135_+0200.csv
2895,0.0,0.0,0.0,0.0,2026-09-09T10:21:35+00:00,kbstats_players_20260909_122135_+0200.csv
3041,1.0,0.0,29.0,1324.0,2026-09-09T10:21:35+00:00,kbstats_players_20260909_122135_+0200.csv
3318,2.0,0.0,149.0,3160.0,2026-09-09T10:21:35+00:00,kbstats_players_20260909_122135_+0200.csv
3470,2.0,2.0,216.0,9298.0,2026-09-09T10:21:35+00:00,kbstats_players_20260909_122135_+0200.csv
6111,0.0,0.0,0.0,0.0,2026-09-09T10:21:35+00:00,kbstats_players_20260909_122135_+0200.csv
8307,2.0,2.0,313.0,11042.0,2026-09-09T10:21:35+00:00,kbstats_players_20260909_122135_+0200.csv
10122,2.0,2.0,317.0,11355.0,2026-09-09T10:21:35+00:00,kbstats_players_20260909_122135_+0200.csv
11261,0.0,0.0,0.0,0.0,2026-09-09T10:21:35+00:00,kbstats_players_20260909_122135_+0200.csv
11665,2.0,1.0,158.0,6531.0,2026-09-09T10:21:35+00:00,kbstats_players_20260909_122135_+0200.csv
11666,0.0,0.0,0.0,0.0,2026-09-09T10:21:35+00:00,kbstats_players_20260909_122135_+0200.csv
13438,2.0,0.0,38.0,1953.0,2026-09-09T10:21:35+00:00,kbstats_players_20260909_122135_+0200.csv
17179,1.0,0.0,23.0,324.0,2026-09-09T10:21:35+00:00,kbstats_players_20260909_122135_+0200.csv
168,0.0,0.0,0.0,0.0,2026-09-09T10:21:35+00:00,kbstats_players_20260909_122135_+0200.csv
1964,0.0,0.0,0.0,0.0,2026-09-09T10:21:35+00:00,kbstats_players_20260909_122135_+0200.csv
2015,2.0,2.0,140.0,11454.0,2026-09-09T10:21:35+00:00,kbstats_players_20260909_122135_+0200.csv
2301,1.0,0.0,-11.0,1233.0,2026-09-09T10:21:35+00:00,kbstats_players_20260909_122135_+0200.csv
2471,0.0,0.0,0.0,0.0,2026-09-09T10:21:35+00:00,kbstats_players_20260909_122135_+0200.csv
2498,1.0,0.0,12.0,1187.0,2026-09-09T10:21:35+00:00,kbstats_players_20260909_122135_+0200.csv
2749,2.0,0.0,71.0,4618.0,2026-09-09T10:21:35+00:00,kbstats_players_20260909_122135_+0200.csv
2977,2.0,2.0,224.0,11454.0,2026-09-09T10:21:35+00:00,kbstats_players_20260909_122135_+0200.csv
3027,2.0,2.0,65.0,10532.0,2026-09-09T10:21:35+00:00,kbstats_players_20260909_122135_+0200.csv
3081,2.0,2.0,74.0,11454.0,2026-09-09T10:21:35+00:00,kbstats_players_20260909_122135_+0200.csv
3336,2.0,1.0,31.0,4820.0,2026-09-09T10:21:35+00:00,kbstats_players_20260909_122135_+0200.csv
3491,0.0,0.0,0.0,0.0,2026-09-09T10:21:35+00:00,kbstats_players_20260909_122135_+0200.csv
3492,0.0,0.0,0.0,0.0,2026-09-09T10:21:35+00:00,kbstats_players_20260909_122135_+0200.csv
3559,2.0,2.0,123.0,9033.0,2026-09-09T10:21:35+00:00,kbstats_players_20260909_122135_+0200.csv
6197,2.0,2.0,202.0,11454.0,2026-09-09T10:21:35+00:00,kbstats_players_20260909_122135_+0200.csv
6217,2.0,1.0,26.0,3106.0,2026-09-09T10:21:35+00:00,kbstats_players_20260909_122135_+0200.csv
6292,2.0,2.0,116.0,9931.0,2026-09-09T10:21:35+00:00,kbstats_players_20260909_122135_+0200.csv
6751,0.0,0.0,0.0,0.0,2026-09-09T10:21:35+00:00,kbstats_players_20260909_122135_+0200.csv
7320,2.0,2.0,209.0,11454.0,2026-09-09T10:21:35+00:00,kbstats_players_20260909_122135_+0200.csv
7616,2.0,2.0,181.0,10714.0,2026-09-09T10:21:35+00:00,kbstats_players_20260909_122135_+0200.csv
8292,2.0,2.0,171.0,11454.0,2026-09-09T10:21:35+00:00,kbstats_players_20260909_122135_+0200.csv
8872,2.0,0.0,15.0,1936.0,2026-09-09T10:21:35+00:00,kbstats_players_20260909_122135_+0200.csv
8984,0.0,0.0,0.0,0.0,2026-09-09T10:21:35+00:00,kbstats_players_20260909_122135_+0200.csv
9283,0.0,0.0,0.0,0.0,2026-09-09T10:21:35+00:00,kbstats_players_20260909_122135_+0200.csv
10048,0.0,0.0,0.0,0.0,2026-09-09T10:21:35+00:00,kbstats_players_20260909_122135_+0200.csv
11170,0.0,0.0,0.0,0.0,2026-09-09T10:21:35+00:00,kbstats_players_20260909_122135_+0200.csv
12262,0.0,0.0,0.0,0.0,2026-09-09T10:21:35+00:00,kbstats_players_20260909_122135_+0200.csv
14911,1.0,0.0,2.0,182.0,2026-09-09T10:21:35+00:00,kbstats_players_20260909_122135_+0200.csv
14914,0.0,0.0,0.0,0.0,2026-09-09T10:21:35+00:00,kbstats_players_20260909_122135_+0200.csv
1225,0.0,0.0,0.0,0.0,2026-09-09T10:21:35+00:00,kbstats_players_20260909_122135_+0200.csv
1246,2.0,2.0,287.0,11814.0,2026-09-09T10:21:35+00:00,kbstats_players_20260909_122135_+0200.csv
1333,0.0,0.0,0.0,0.0,2026-09-09T10:21:35+00:00,kbstats_players_20260909_122135_+0200.csv
1689,1.0,0.0,34.0,1393.0,2026-09-09T10:21:35+00:00,kbstats_players_20260909_122135_+0200.csv
1728,0.0,0.0,0.0,0.0,2026-09-09T10:21:35+00:00,kbstats_players_20260909_122135_+0200.csv
2141,2.0,2.0,471.0,10421.0,2026-09-09T10:21:35+00:00,kbstats_players_20260909_122135_+0200.csv
2275,0.0,0.0,0.0,0.0,2026-09-09T10:21:35+00:00,kbstats_players_20260909_122135_+0200.csv
2522,2.0,2.0,255.0,11814.0,2026-09-09T10:21:35+00:00,kbstats_players_20260909_122135_+0200.csv
2687,2.0,1.0,187.0,7080.0,2026-09-09T10:21:35+00:00,kbstats_players_20260909_122135_+0200.csv
2897,1.0,1.0,208.0,5072.0,2026-09-09T10:21:35+00:00,kbstats_players_20260909_122135_+0200.csv
4596,1.0,1.0,128.0,4446.0,2026-09-09T10:21:35+00:00,kbstats_players_20260909_122135_+0200.csv
6104,1.0,0.0,-13.0,1327.0,2026-09-09T10:21:35+00:00,kbstats_players_20260909_122135_+0200.csv
6176,2.0,2.0,164.0,11814.0,2026-09-09T10:21:35+00:00,kbstats_players_20260909_122135_+0200.csv
6300,0.0,0.0,0.0,0.0,2026-09-09T10:21:35+00:00,kbstats_players_20260909_122135_+0200.csv
7224,1.0,1.0,199.0,5846.0,2026-09-09T10:21:35+00:00,kbstats_players_20260909_122135_+0200.csv
7239,0.0,0.0,0.0,0.0,2026-09-09T10:21:35+00:00,kbstats_players_20260909_122135_+0200.csv
8061,2.0,1.0,48.0,5355.0,2026-09-09T10:21:35+00:00,kbstats_players_20260909_122135_+0200.csv
8227,2.0,2.0,218.0,11814.0,2026-09-09T10:21:35+00:00,kbstats_players_20260909_122135_+0200.csv
9507,2.0,2.0,291.0,11023.0,2026-09-09T10:21:35+00:00,kbstats_players_20260909_122135_+0200.csv
9776,1.0,0.0,84.0,791.0,2026-09-09T10:21:35+00:00,kbstats_players_20260909_122135_+0200.csv
10113,2.0,1.0,186.0,5954.0,2026-09-09T10:21:35+00:00,kbstats_players_20260909_122135_+0200.csv
11008,2.0,2.0,129.0,11042.0,2026-09-09T10:21:35+00:00,kbstats_players_20260909_122135_+0200.csv
11886,0.0,0.0,0.0,0.0,2026-09-09T10:21:35+00:00,kbstats_players_20260909_122135_+0200.csv
14249,1.0,1.0,45.0,4640.0,2026-09-09T10:21:35+00:00,kbstats_players_20260909_122135_+0200.csv
14896,0.0,0.0,0.0,0.0,2026-09-09T10:21:35+00:00,kbstats_players_20260909_122135_+0200.csv
15376,1.0,1.0,157.0,5968.0,2026-09-09T10:21:35+00:00,kbstats_players_20260909_122135_+0200.csv
577,0.0,0.0,0.0,0.0,2026-09-09T10:21:35+00:00,kbstats_players_20260909_122135_+0200.csv
619,1.0,1.0,-2.0,3907.0,2026-09-09T10:21:35+00:00,kbstats_players_20260909_122135_+0200.csv
849,2.0,2.0,73.0,10567.0,2026-09-09T10:21:35+00:00,kbstats_players_20260909_122135_+0200.csv
1883,2.0,2.0,320.0,11691.0,2026-09-09T10:21:35+00:00,kbstats_players_20260909_122135_+0200.csv
2074,2.0,1.0,-10.0,5477.0,2026-09-09T10:21:35+00:00,kbstats_players_20260909_122135_+0200.csv
2126,1.0,0.0,21.0,1576.0,2026-09-09T10:21:35+00:00,kbstats_players_20260909_122135_+0200.csv
2261,0.0,0.0,0.0,0.0,2026-09-09T10:21:35+00:00,kbstats_players_20260909_122135_+0200.csv
2560,2.0,2.0,115.0,11691.0,2026-09-09T10:21:35+00:00,kbstats_players_20260909_122135_+0200.csv
2850,0.0,0.0,0.0,0.0,2026-09-09T10:21:35+00:00,kbstats_players_20260909_122135_+0200.csv
2862,0.0,0.0,0.0,0.0,2026-09-09T10:21:35+00:00,kbstats_players_20260909_122135_+0200.csv
2941,2.0,1.0,113.0,5969.0,2026-09-09T10:21:35+00:00,kbstats_players_20260909_122135_+0200.csv
3063,0.0,0.0,0.0,0.0,2026-09-09T10:21:35+00:00,kbstats_players_20260909_122135_+0200.csv
3129,2.0,2.0,69.0,11691.0,2026-09-09T10:21:35+00:00,kbstats_players_20260909_122135_+0200.csv
3516,0.0,0.0,0.0,0.0,2026-09-09T10:21:35+00:00,kbstats_players_20260909_122135_+0200.csv
4292,2.0,0.0,14.0,2822.0,2026-09-09T10:21:35+00:00,kbstats_players_20260909_122135_+0200.csv
4333,2.0,2.0,80.0,8864.0,2026-09-09T10:21:35+00:00,kbstats_players_20260909_122135_+0200.csv
6199,0.0,0.0,0.0,0.0,2026-09-09T10:21:35+00:00,kbstats_players_20260909_122135_+0200.csv
6319,2.0,1.0,217.0,6207.0,2026-09-09T10:21:35+00:00,kbstats_players_20260909_122135_+0200.csv
7774,0.0,0.0,0.0,0.0,2026-09-09T10:21:35+00:00,kbstats_players_20260909_122135_+0200.csv
9540,2.0,0.0,-13.0,3077.0,2026-09-09T10:21:35+00:00,kbstats_players_20260909_122135_+0200.csv
11010,2.0,2.0,82.0,11691.0,2026-09-09T10:21:35+00:00,kbstats_players_20260909_122135_+0200.csv
11748,2.0,2.0,59.0,8171.0,2026-09-09T10:21:35+00:00,kbstats_players_20260909_122135_+0200.csv
13442,2.0,2.0,318.0,11691.0,2026-09-09T10:21:35+00:00,kbstats_players_20260909_122135_+0200.csv
15181,1.0,0.0,1.0,1116.0,2026-09-09T10:21:35+00:00,kbstats_players_20260909_122135_+0200.csv
15202,0.0,0.0,0.0,0.0,2026-09-09T10:21:35+00:00,kbstats_players_20260909_122135_+0200.csv
15613,1.0,1.0,17.0,4604.0,2026-09-09T10:21:35+00:00,kbstats_players_20260909_122135_+0200.csv
16564,2.0,1.0,59.0,7783.0,2026-09-09T10:21:35+00:00,kbstats_players_20260909_122135_+0200.csv
54,0.0,0.0,0.0,0.0,2026-09-09T10:21:35+00:00,kbstats_players_20260909_122135_+0200.csv
75,0.0,0.0,0.0,0.0,2026-09-09T10:21:35+00:00,kbstats_players_20260909_122135_+0200.csv
1704,2.0,2.0,446.0,11756.0,2026-09-09T10:21:35+00:00,kbstats_players_20260909_122135_+0200.csv
1856,2.0,0.0,53.0,2965.0,2026-09-09T10:21:35+00:00,kbstats_players_20260909_122135_+0200.csv
1873,2.0,2.0,321.0,11756.0,2026-09-09T10:21:35+00:00,kbstats_players_20260909_122135_+0200.csv
1920,2.0,2.0,412.0,11247.0,2026-09-09T10:21:35+00:00,kbstats_players_20260909_122135_+0200.csv
2148,0.0,0.0,0.0,0.0,2026-09-09T10:21:35+00:00,kbstats_players_20260909_122135_+0200.csv
2383,0.0,0.0,0.0,0.0,2026-09-09T10:21:35+00:00,kbstats_players_20260909_122135_+0200.csv
2395,2.0,2.0,198.0,10516.0,2026-09-09T10:21:35+00:00,kbstats_players_20260909_122135_+0200.csv
2714,2.0,2.0,221.0,11123.0,2026-09-09T10:21:35+00:00,kbstats_players_20260909_122135_+0200.csv
2736,0.0,0.0,0.0,0.0,2026-09-09T10:21:35+00:00,kbstats_players_20260909_122135_+0200.csv
3069,2.0,2.0,174.0,7492.0,2026-09-09T10:21:35+00:00,kbstats_players_20260909_122135_+0200.csv
7737,2.0,0.0,111.0,4284.0,2026-09-09T10:21:35+00:00,kbstats_players_20260909_122135_+0200.csv
9440,2.0,1.0,64.0,3152.0,2026-09-09T10:21:35+00:00,kbstats_players_20260909_122135_+0200.csv
9698,1.0,0.0,124.0,2008.0,2026-09-09T10:21:35+00:00,kbstats_players_20260909_122135_+0200.csv
10114,0.0,0.0,0.0,0.0,2026-09-09T10:21:35+00:00,kbstats_players_20260909_122135_+0200.csv
10115,2.0,2.0,286.0,11756.0,2026-09-09T10:21:35+00:00,kbstats_players_20260909_122135_+0200.csv
11099,2.0,2.0,246.0,11756.0,2026-09-09T10:21:35+00:00,kbstats_players_20260909_122135_+0200.csv
11100,1.0,0.0,-60.0,155.0,2026-09-09T10:21:35+00:00,kbstats_players_20260909_122135_+0200.csv
13472,1.0,0.0,57.0,1999.0,2026-09-09T10:21:35+00:00,kbstats_players_20260909_122135_+0200.csv
14662,0.0,0.0,0.0,0.0,2026-09-09T10:21:35+00:00,kbstats_players_20260909_122135_+0200.csv
14899,1.0,0.0,34.0,632.0,2026-09-09T10:21:35+00:00,kbstats_players_20260909_122135_+0200.csv
15211,2.0,2.0,196.0,9756.0,2026-09-09T10:21:35+00:00,kbstats_players_20260909_122135_+0200.csv
16378,2.0,2.0,249.0,8514.0,2026-09-09T10:21:35+00:00,kbstats_players_20260909_122135_+0200.csv
16948,1.0,1.0,181.0,3348.0,2026-09-09T10:21:35+00:00,kbstats_players_20260909_122135_+0200.csv
17309,1.0,0.0,65.0,4036.0,2026-09-09T10:21:35+00:00,kbstats_players_20260909_122135_+0200.csv
1863,2.0,2.0,143.0,11430.0,2026-09-09T10:21:35+00:00,kbstats_players_20260909_122135_+0200.csv
1865,1.0,0.0,-9.0,744.0,2026-09-09T10:21:35+00:00,kbstats_players_20260909_122135_+0200.csv
1889,1.0,1.0,29.0,5061.0,2026-09-09T10:21:35+00:00,kbstats_players_20260909_122135_+0200.csv
1978,2.0,2.0,-2.0,7815.0,2026-09-09T10:21:35+00:00,kbstats_players_20260909_122135_+0200.csv
2725,2.0,2.0,75.0,11430.0,2026-09-09T10:21:35+00:00,kbstats_players_20260909_122135_+0200.csv
3277,0.0,0.0,0.0,0.0,2026-09-09T10:21:35+00:00,kbstats_players_20260909_122135_+0200.csv
6201,2.0,2.0,42.0,11430.0,2026-09-09T10:21:35+00:00,kbstats_players_20260909_122135_+0200.csv
7350,2.0,0.0,-22.0,3353.0,2026-09-09T10:21:35+00:00,kbstats_players_20260909_122135_+0200.csv
7394,0.0,0.0,0.0,0.0,2026-09-09T10:21:35+00:00,kbstats_players_20260909_122135_+0200.csv
8367,1.0,1.0,44.0,5806.0,2026-09-09T10:21:35+00:00,kbstats_players_20260909_122135_+0200.csv
9605,2.0,2.0,21.0,11430.0,2026-09-09T10:21:35+00:00,kbstats_players_20260909_122135_+0200.csv
10120,0.0,0.0,0.0,0.0,2026-09-09T10:21:35+00:00,kbstats_players_20260909_122135_+0200.csv
11512,2.0,2.0,51.0,11430.0,2026-09-09T10:21:35+00:00,kbstats_players_20260909_122135_+0200.csv
11752,0.0,0.0,0.0,0.0,2026-09-09T10:21:35+00:00,kbstats_players_20260909_122135_+0200.csv
11949,1.0,0.0,-1.0,2914.0,2026-09-09T10:21:35+00:00,kbstats_players_20260909_122135_+0200.csv
11967,1.0,0.0,3.0,2914.0,2026-09-09T10:21:35+00:00,kbstats_players_20260909_122135_+0200.csv
12368,0.0,0.0,0.0,0.0,2026-09-09T10:21:35+00:00,kbstats_players_20260909_122135_+0200.csv
13433,2.0,1.0,-13.0,6001.0,2026-09-09T10:21:35+00:00,kbstats_players_20260909_122135_+0200.csv
14256,1.0,1.0,-24.0,5624.0,2026-09-09T10:21:35+00:00,kbstats_players_20260909_122135_+0200.csv
14425,1.0,1.0,20.0,5086.0,2026-09-09T10:21:35+00:00,kbstats_players_20260909_122135_+0200.csv
15283,2.0,2.0,-9.0,6947.0,2026-09-09T10:21:35+00:00,kbstats_players_20260909_122135_+0200.csv
15472,2.0,1.0,5.0,7088.0,2026-09-09T10:21:35+00:00,kbstats_players_20260909_122135_+0200.csv
15478,2.0,1.0,-7.0,3526.0,2026-09-09T10:21:35+00:00,kbstats_players_20260909_122135_+0200.csv
17203,2.0,1.0,-17.0,5527.0,2026-09-09T10:21:35+00:00,kbstats_players_20260909_122135_+0200.csv
49,2.0,2.0,342.0,11429.0,2026-09-09T10:21:35+00:00,kbstats_players_20260909_122135_+0200.csv
89,0.0,0.0,0.0,0.0,2026-09-09T10:21:35+00:00,kbstats_players_20260909_122135_+0200.csv
118,1.0,0.0,38.0,1248.0,2026-09-09T10:21:35+00:00,kbstats_players_20260909_122135_+0200.csv
1257,2.0,1.0,136.0,5469.0,2026-09-09T10:21:35+00:00,kbstats_players_20260909_122135_+0200.csv
1645,2.0,2.0,349.0,11429.0,2026-09-09T10:21:35+00:00,kbstats_players_20260909_122135_+0200.csv
1767,0.0,0.0,0.0,0.0,2026-09-09T10:21:35+00:00,kbstats_players_20260909_122135_+0200.csv
1858,0.0,0.0,0.0,0.0,2026-09-09T10:21:35+00:00,kbstats_players_20260909_122135_+0200.csv
1910,0.0,0.0,0.0,0.0,2026-09-09T10:21:35+00:00,kbstats_players_20260909_122135_+0200.csv
2084,2.0,2.0,221.0,9937.0,2026-09-09T10:21:35+00:00,kbstats_players_20260909_122135_+0200.csv
2125,2.0,2.0,214.0,7286.0,2026-09-09T10:21:35+00:00,kbstats_players_20260909_122135_+0200.csv
2176,1.0,0.0,37.0,1224.0,2026-09-09T10:21:35+00:00,kbstats_players_20260909_122135_+0200.csv
2722,0.0,0.0,0.0,0.0,2026-09-09T10:21:35+00:00,kbstats_players_20260909_122135_+0200.csv
3209,2.0,2.0,125.0,10648.0,2026-09-09T10:21:35+00:00,kbstats_players_20260909_122135_+0200.csv
3218,2.0,2.0,210.0,11429.0,2026-09-09T10:21:35+00:00,kbstats_players_20260909_122135_+0200.csv
3304,2.0,2.0,487.0,10204.0,2026-09-09T10:21:35+00:00,kbstats_players_20260909_122135_+0200.csv
4335,2.0,2.0,266.0,10181.0,2026-09-09T10:21:35+00:00,kbstats_players_20260909_122135_+0200.csv
6209,2.0,1.0,172.0,7208.0,2026-09-09T10:21:35+00:00,kbstats_players_20260909_122135_+0200.csv
7215,2.0,2.0,210.0,11429.0,2026-09-09T10:21:35+00:00,kbstats_players_20260909_122135_+0200.csv
7216,1.0,0.0,37.0,1491.0,2026-09-09T10:21:35+00:00,kbstats_players_20260909_122135_+0200.csv
8363,1.0,0.0,24.0,780.0,2026-09-09T10:21:35+00:00,kbstats_players_20260909_122135_+0200.csv
8364,0.0,0.0,0.0,0.0,2026-09-09T10:21:35+00:00,kbstats_players_20260909_122135_+0200.csv
11006,2.0,2.0,470.0,9808.0,2026-09-09T10:21:35+00:00,kbstats_players_20260909_122135_+0200.csv
11007,1.0,0.0,60.0,2965.0,2026-09-09T10:21:35+00:00,kbstats_players_20260909_122135_+0200.csv
14048,2.0,0.0,30.0,1620.0,2026-09-09T10:21:35+00:00,kbstats_players_20260909_122135_+0200.csv
15196,0.0,0.0,0.0,0.0,2026-09-09T10:21:35+00:00,kbstats_players_20260909_122135_+0200.csv
43,0.0,0.0,0.0,0.0,2026-09-09T10:21:35+00:00,kbstats_players_20260909_122135_+0200.csv
157,0.0,0.0,0.0,0.0,2026-09-09T10:21:35+00:00,kbstats_players_20260909_122135_+0200.csv
608,2.0,2.0,91.0,8371.0,2026-09-09T10:21:35+00:00,kbstats_players_20260909_122135_+0200.csv
1996,2.0,2.0,158.0,11674.0,2026-09-09T10:21:35+00:00,kbstats_players_20260909_122135_+0200.csv
2294,2.0,2.0,197.0,11674.0,2026-09-09T10:21:35+00:00,kbstats_players_20260909_122135_+0200.csv
2842,0.0,0.0,0.0,0.0,2026-09-09T10:21:35+00:00,kbstats_players_20260909_122135_+0200.csv
2939,2.0,1.0,111.0,4747.0,2026-09-09T10:21:35+00:00,kbstats_players_20260909_122135_+0200.csv
3139,2.0,0.0,35.0,3301.0,2026-09-09T10:21:35+00:00,kbstats_players_20260909_122135_+0200.csv
3166,0.0,0.0,0.0,0.0,2026-09-09T10:21:35+00:00,kbstats_players_20260909_122135_+0200.csv
3228,1.0,1.0,2.0,3750.0,2026-09-09T10:21:35+00:00,kbstats_players_20260909_122135_+0200.csv
3281,2.0,2.0,126.0,11125.0,2026-09-09T10:21:35+00:00,kbstats_players_20260909_122135_+0200.csv
3450,0.0,0.0,0.0,0.0,2026-09-09T10:21:35+00:00,kbstats_players_20260909_122135_+0200.csv
3481,0.0,0.0,0.0,0.0,2026-09-09T10:21:35+00:00,kbstats_players_20260909_122135_+0200.csv
6174,1.0,1.0,49.0,4193.0,2026-09-09T10:21:35+00:00,kbstats_players_20260909_122135_+0200.csv
7167,1.0,1.0,0.0,2812.0,2026-09-09T10:21:35+00:00,kbstats_players_20260909_122135_+0200.csv
7282,2.0,2.0,185.0,11674.0,2026-09-09T10:21:35+00:00,kbstats_players_20260909_122135_+0200.csv
7721,2.0,2.0,417.0,11124.0,2026-09-09T10:21:35+00:00,kbstats_players_20260909_122135_+0200.csv
8166,2.0,2.0,170.0,10866.0,2026-09-09T10:21:35+00:00,kbstats_players_20260909_122135_+0200.csv
9513,2.0,2.0,150.0,11674.0,2026-09-09T10:21:35+00:00,kbstats_players_20260909_122135_+0200.csv
9600,0.0,0.0,0.0,0.0,2026-09-09T10:21:35+00:00,kbstats_players_20260909_122135_+0200.csv
10131,2.0,0.0,172.0,3775.0,2026-09-09T10:21:35+00:00,kbstats_players_20260909_122135_+0200.csv
10134,2.0,1.0,42.0,7480.0,2026-09-09T10:21:35+00:00,kbstats_players_20260909_122135_+0200.csv
11262,2.0,0.0,1.0,2762.0,2026-09-09T10:21:35+00:00,kbstats_players_20260909_122135_+0200.csv
13449,0.0,0.0,0.0,0.0,2026-09-09T10:21:35+00:00,kbstats_players_20260909_122135_+0200.csv
14923,0.0,0.0,0.0,0.0,2026-09-09T10:21:35+00:00,kbstats_players_20260909_122135_+0200.csv
14926,0.0,0.0,0.0,0.0,2026-09-09T10:21:35+00:00,kbstats_players_20260909_122135_+0200.csv
15256,0.0,0.0,0.0,0.0,2026-09-09T10:21:35+00:00,kbstats_players_20260909_122135_+0200.csv
15313,1.0,0.0,37.0,1768.0,2026-09-09T10:21:35+00:00,kbstats_players_20260909_122135_+0200.csv
17288,1.0,1.0,130.0,5157.0,2026-09-09T10:21:35+00:00,kbstats_players_20260909_122135_+0200.csv
493,2.0,2.0,276.0,9346.0,2026-09-09T10:21:35+00:00,kbstats_players_20260909_122135_+0200.csv
1809,2.0,2.0,400.0,9820.0,2026-09-09T10:21:35+00:00,kbstats_players_20260909_122135_+0200.csv
1811,2.0,0.0,52.0,777.0,2026-09-09T10:21:35+00:00,kbstats_players_20260909_122135_+0200.csv
2195,2.0,2.0,389.0,11311.0,2026-09-09T10:21:35+00:00,kbstats_players_20260909_122135_+0200.csv
2764,1.0,0.0,23.0,642.0,2026-09-09T10:21:35+00:00,kbstats_players_20260909_122135_+0200.csv
3143,0.0,0.0,0.0,0.0,2026-09-09T10:21:35+00:00,kbstats_players_20260909_122135_+0200.csv
3176,1.0,1.0,181.0,3743.0,2026-09-09T10:21:35+00:00,kbstats_players_20260909_122135_+0200.csv
3183,1.0,1.0,273.0,5649.0,2026-09-09T10:21:35+00:00,kbstats_players_20260909_122135_+0200.csv
4654,2.0,0.0,100.0,2980.0,2026-09-09T10:21:35+00:00,kbstats_players_20260909_122135_+0200.csv
6168,2.0,2.0,207.0,8323.0,2026-09-09T10:21:35+00:00,kbstats_players_20260909_122135_+0200.csv
7283,2.0,2.0,225.0,10533.0,2026-09-09T10:21:35+00:00,kbstats_players_20260909_122135_+0200.csv
7336,0.0,0.0,0.0,0.0,2026-09-09T10:21:35+00:00,kbstats_players_20260909_122135_+0200.csv
7676,2.0,2.0,416.0,10669.0,2026-09-09T10:21:35+00:00,kbstats_players_20260909_122135_+0200.csv
7696,0.0,0.0,0.0,0.0,2026-09-09T10:21:35+00:00,kbstats_players_20260909_122135_+0200.csv
8355,2.0,2.0,275.0,11311.0,2026-09-09T10:21:35+00:00,kbstats_players_20260909_122135_+0200.csv
9642,2.0,2.0,314.0,11311.0,2026-09-09T10:21:35+00:00,kbstats_players_20260909_122135_+0200.csv
9684,1.0,0.0,167.0,1925.0,2026-09-09T10:21:35+00:00,kbstats_players_20260909_122135_+0200.csv
9754,0.0,0.0,0.0,0.0,2026-09-09T10:21:35+00:00,kbstats_players_20260909_122135_+0200.csv
9965,0.0,0.0,0.0,0.0,2026-09-09T10:21:35+00:00,kbstats_players_20260909_122135_+0200.csv
10049,2.0,2.0,242.0,11311.0,2026-09-09T10:21:35+00:00,kbstats_players_20260909_122135_+0200.csv
11556,2.0,2.0,292.0,11311.0,2026-09-09T10:21:35+00:00,kbstats_players_20260909_122135_+0200.csv
12341,2.0,0.0,131.0,1964.0,2026-09-09T10:21:35+00:00,kbstats_players_20260909_122135_+0200.csv
13479,0.0,0.0,0.0,0.0,2026-09-09T10:21:35+00:00,kbstats_players_20260909_122135_+0200.csv
13671,0.0,0.0,0.0,0.0,2026-09-09T10:21:35+00:00,kbstats_players_20260909_122135_+0200.csv
13806,2.0,0.0,105.0,1490.0,2026-09-09T10:21:35+00:00,kbstats_players_20260909_122135_+0200.csv
32,2.0,2.0,265.0,11390.0,2026-09-09T10:21:35+00:00,kbstats_players_20260909_122135_+0200.csv
670,1.0,0.0,15.0,596.0,2026-09-09T10:21:35+00:00,kbstats_players_20260909_122135_+0200.csv
755,0.0,0.0,0.0,0.0,2026-09-09T10:21:35+00:00,kbstats_players_20260909_122135_+0200.csv
1012,1.0,0.0,-30.0,1052.0,2026-09-09T10:21:35+00:00,kbstats_players_20260909_122135_+0200.csv
1691,0.0,0.0,0.0,0.0,2026-09-09T10:21:35+00:00,kbstats_players_20260909_122135_+0200.csv
2449,0.0,0.0,0.0,0.0,2026-09-09T10:21:35+00:00,kbstats_players_20260909_122135_+0200.csv
2762,2.0,2.0,118.0,11390.0,2026-09-09T10:21:35+00:00,kbstats_players_20260909_122135_+0200.csv
2876,1.0,1.0,-54.0,3776.0,2026-09-09T10:21:35+00:00,kbstats_players_20260909_122135_+0200.csv
2967,2.0,2.0,151.0,11390.0,2026-09-09T10:21:35+00:00,kbstats_players_20260909_122135_+0200.csv
3029,2.0,2.0,70.0,10211.0,2026-09-09T10:21:35+00:00,kbstats_players_20260909_122135_+0200.csv
3307,0.0,0.0,0.0,0.0,2026-09-09T10:21:35+00:00,kbstats_players_20260909_122135_+0200.csv
4406,2.0,1.0,10.0,5926.0,2026-09-09T10:21:35+00:00,kbstats_players_20260909_122135_+0200.csv
4606,2.0,2.0,131.0,8290.0,2026-09-09T10:21:35+00:00,kbstats_players_20260909_122135_+0200.csv
6172,1.0,1.0,24.0,3727.0,2026-09-09T10:21:35+00:00,kbstats_players_20260909_122135_+0200.csv
7156,2.0,0.0,-39.0,3099.0,2026-09-09T10:21:35+00:00,kbstats_players_20260909_122135_+0200.csv
7242,2.0,1.0,73.0,5918.0,2026-09-09T10:21:35+00:00,kbstats_players_20260909_122135_+0200.csv
8222,2.0,2.0,45.0,11390.0,2026-09-09T10:21:35+00:00,kbstats_players_20260909_122135_+0200.csv
8235,0.0,0.0,0.0,0.0,2026-09-09T10:21:35+00:00,kbstats_players_20260909_122135_+0200.csv
8277,2.0,1.0,20.0,5471.0,2026-09-09T10:21:35+00:00,kbstats_players_20260909_122135_+0200.csv
10916,2.0,0.0,-13.0,2203.0,2026-09-09T10:21:35+00:00,kbstats_players_20260909_122135_+0200.csv
11255,2.0,2.0,174.0,10337.0,2026-09-09T10:21:35+00:00,kbstats_players_20260909_122135_+0200.csv
12158,1.0,0.0,5.0,1178.0,2026-09-09T10:21:35+00:00,kbstats_players_20260909_122135_+0200.csv
12297,1.0,1.0,94.0,5741.0,2026-09-09T10:21:35+00:00,kbstats_players_20260909_122135_+0200.csv
13431,0.0,0.0,0.0,0.0,2026-09-09T10:21:35+00:00,kbstats_players_20260909_122135_+0200.csv
13448,2.0,2.0,127.0,10325.0,2026-09-09T10:21:35+00:00,kbstats_players_20260909_122135_+0200.csv
